"cluster1","cluster2","cluster3"
"ENSG00000107165","ENSG00000186847","ENSG00000107165"
"ENSG00000129824","ENSG00000186081","ENSG00000129824"
"ENSG00000211964","ENSG00000205420","ENSG00000221867"
"ENSG00000211976","ENSG00000186832","ENSG00000197172"
"ENSG00000211973","ENSG00000185479","ENSG00000213401"
"ENSG00000241294","ENSG00000167768","ENSG00000067048"
"ENSG00000117322","ENSG00000170465","ENSG00000011677"
"ENSG00000240671","ENSG00000107165","ENSG00000012817"
"ENSG00000211670","ENSG00000143556","ENSG00000046774"
"ENSG00000211638","ENSG00000169469","ENSG00000154080"
"ENSG00000211951","ENSG00000178363","ENSG00000165973"
"ENSG00000211652","ENSG00000188508","ENSG00000186847"
"ENSG00000221867","ENSG00000178372","ENSG00000225106"
"ENSG00000274576","ENSG00000134762","ENSG00000186081"
"ENSG00000213401","ENSG00000163207","ENSG00000155495"
"ENSG00000211970","ENSG00000134760","ENSG00000147588"
"ENSG00000225698","ENSG00000105141","ENSG00000114374"
"ENSG00000243264","ENSG00000167656","ENSG00000198692"
"ENSG00000211937","ENSG00000206075","ENSG00000171234"
"ENSG00000211968","ENSG00000121742","ENSG00000131002"
"ENSG00000211650","ENSG00000134757","ENSG00000137745"
"ENSG00000223350","ENSG00000203785","ENSG00000184564"
"ENSG00000211942","ENSG00000167754","ENSG00000099725"
"ENSG00000211685","ENSG00000169035","ENSG00000183878"
"ENSG00000211658","ENSG00000169474","ENSG00000067646"
"ENSG00000197172","ENSG00000178934","ENSG00000278530"
"ENSG00000046774","ENSG00000163216","ENSG00000010282"
"ENSG00000067048","ENSG00000241794","ENSG00000179083"
"ENSG00000254395","ENSG00000159516","ENSG00000261711"
"ENSG00000163534","ENSG00000167755","ENSG00000268916"
"ENSG00000211655","ENSG00000057149","ENSG00000171195"
"ENSG00000243238","ENSG00000162366","ENSG00000184351"
"ENSG00000276775","ENSG00000147689","ENSG00000205420"
"ENSG00000239819","ENSG00000167757","ENSG00000148704"
"ENSG00000211933","ENSG00000137440","ENSG00000198681"
"ENSG00000211632","ENSG00000230937","ENSG00000205927"
"ENSG00000242887","ENSG00000129455","ENSG00000130540"
"ENSG00000012817","ENSG00000125998","ENSG00000124260"
"ENSG00000211664","ENSG00000168907","ENSG00000214263"
"ENSG00000225106","ENSG00000184330","ENSG00000198028"
"ENSG00000224041","ENSG00000197641","ENSG00000233639"
"ENSG00000211642","ENSG00000143520","ENSG00000126752"
"ENSG00000211639","ENSG00000188089","ENSG00000229807"
"ENSG00000165973","ENSG00000170454","ENSG00000185479"
"ENSG00000186081","ENSG00000204421","ENSG00000234840"
"ENSG00000211938","ENSG00000198074","ENSG00000176204"
"ENSG00000251039","ENSG00000134765","ENSG00000258128"
"ENSG00000155495","ENSG00000148346","ENSG00000166796"
"ENSG00000241244","ENSG00000175121","ENSG00000169297"
"ENSG00000211599","ENSG00000203786","ENSG00000274956"
"ENSG00000211974","ENSG00000136695","ENSG00000167755"
"ENSG00000243063","ENSG00000170423","ENSG00000236849"
"ENSG00000223648","ENSG00000163202","ENSG00000186832"
"ENSG00000196616","ENSG00000188373","ENSG00000125820"
"ENSG00000211946","ENSG00000206073","ENSG00000147724"
"ENSG00000243290","ENSG00000265190","ENSG00000227297"
"ENSG00000211935","ENSG00000170786","ENSG00000077009"
"ENSG00000211611","ENSG00000124429","ENSG00000170373"
"ENSG00000011677","ENSG00000109182","ENSG00000265933"
"ENSG00000233999","ENSG00000142273","ENSG00000276399"
"ENSG00000147588","ENSG00000010438","ENSG00000224271"
"ENSG00000242371","ENSG00000203782","ENSG00000165246"
"ENSG00000259337","ENSG00000169509","ENSG00000261103"
"ENSG00000114374","ENSG00000264230","ENSG00000148346"
"ENSG00000010282","ENSG00000166396","ENSG00000256422"
"ENSG00000227297","ENSG00000188293","ENSG00000268902"
"ENSG00000131002","ENSG00000172478","ENSG00000205628"
"ENSG00000198692","ENSG00000225106","ENSG00000272298"
"ENSG00000229807","ENSG00000083307","ENSG00000184937"
"ENSG00000276566","ENSG00000167741","ENSG00000249910"
"ENSG00000211904","ENSG00000170426","ENSG00000254645"
"ENSG00000211961","ENSG00000172551","ENSG00000121742"
"ENSG00000126752","ENSG00000129824","ENSG00000249306"
"ENSG00000099725","ENSG00000138271","ENSG00000254101"
"ENSG00000183878","ENSG00000159337","ENSG00000174808"
"ENSG00000278530","ENSG00000172867","ENSG00000182256"
"ENSG00000160683","ENSG00000109101","ENSG00000133640"
"ENSG00000211665","ENSG00000261116","ENSG00000134762"
"ENSG00000179083","ENSG00000205076","ENSG00000164749"
"ENSG00000186847","ENSG00000129151","ENSG00000081138"
"ENSG00000261711","ENSG00000185966","ENSG00000273259"
"ENSG00000211978","ENSG00000187173","ENSG00000123407"
"ENSG00000255733","ENSG00000163218","ENSG00000084453"
"ENSG00000067646","ENSG00000132164","ENSG00000203837"
"ENSG00000270472","ENSG00000159527","ENSG00000270816"
"ENSG00000171234","ENSG00000168143","ENSG00000254547"
"ENSG00000154080","ENSG00000203837","ENSG00000228262"
"ENSG00000188403","ENSG00000226145","ENSG00000230426"
"ENSG00000253274","ENSG00000165794","ENSG00000124092"
"ENSG00000237111","ENSG00000153294","ENSG00000164796"
"ENSG00000270816","ENSG00000197084","ENSG00000164756"
"ENSG00000211891","ENSG00000153802","ENSG00000141668"
"ENSG00000277030","ENSG00000168703","ENSG00000211973"
"ENSG00000253364","ENSG00000184459","ENSG00000151834"
"ENSG00000271178","ENSG00000165799","ENSG00000198054"
"ENSG00000084453","ENSG00000126233","ENSG00000008196"
"ENSG00000268916","ENSG00000204539","ENSG00000120057"
"ENSG00000235532","ENSG00000137745","ENSG00000211964"
"ENSG00000211957","ENSG00000268104","ENSG00000206120"
"ENSG00000278263","ENSG00000169550","ENSG00000249196"
"ENSG00000223931","ENSG00000188100","ENSG00000171885"
"ENSG00000244116","ENSG00000184564","ENSG00000179008"
"ENSG00000254056","ENSG00000269741","ENSG00000163630"
"ENSG00000211667","ENSG00000086548","ENSG00000166426"
"ENSG00000162897","ENSG00000113430","ENSG00000136546"
"ENSG00000158639","ENSG00000196805","ENSG00000166396"
"ENSG00000236849","ENSG00000171401","ENSG00000129151"
"ENSG00000198681","ENSG00000198854","ENSG00000196616"
"ENSG00000184351","ENSG00000178597","ENSG00000143954"
"ENSG00000121742","ENSG00000100078","ENSG00000162951"
"ENSG00000234184","ENSG00000008196","ENSG00000016082"
"ENSG00000205927","ENSG00000165953","ENSG00000176349"
"ENSG00000233639","ENSG00000124882","ENSG00000258616"
"ENSG00000278857","ENSG00000158786","ENSG00000133488"
"ENSG00000253818","ENSG00000167769","ENSG00000226306"
"ENSG00000251546","ENSG00000186844","ENSG00000157851"
"ENSG00000126890","ENSG00000182040","ENSG00000148123"
"ENSG00000257743","ENSG00000105388","ENSG00000233379"
"ENSG00000237339","ENSG00000178919","ENSG00000231811"
"ENSG00000228262","ENSG00000236740","ENSG00000261121"
"ENSG00000258128","ENSG00000136688","ENSG00000126890"
"ENSG00000242580","ENSG00000182585","ENSG00000257743"
"ENSG00000261364","ENSG00000189051","ENSG00000273388"
"ENSG00000214381","ENSG00000165973","ENSG00000178568"
"ENSG00000171195","ENSG00000189433","ENSG00000241294"
"ENSG00000271130","ENSG00000268307","ENSG00000183072"
"ENSG00000274172","ENSG00000196734","ENSG00000187173"
"ENSG00000211676","ENSG00000215853","ENSG00000267683"
"ENSG00000167755","ENSG00000176194","ENSG00000242599"
"ENSG00000234840","ENSG00000125285","ENSG00000211976"
"ENSG00000170373","ENSG00000227471","ENSG00000126550"
"ENSG00000253691","ENSG00000189182","ENSG00000228709"
"ENSG00000272298","ENSG00000240386","ENSG00000211638"
"ENSG00000211805","ENSG00000154080","ENSG00000136327"
"ENSG00000148346","ENSG00000147588","ENSG00000230453"
"ENSG00000211593","ENSG00000166869","ENSG00000124882"
"ENSG00000242076","ENSG00000112494","ENSG00000264985"
"ENSG00000226004","ENSG00000275874","ENSG00000269707"
"ENSG00000166796","ENSG00000124143","ENSG00000152092"
"ENSG00000276819","ENSG00000174950","ENSG00000144278"
"ENSG00000254174","ENSG00000105143","ENSG00000229637"
"ENSG00000184564","ENSG00000163209","ENSG00000255622"
"ENSG00000253998","ENSG00000184351","ENSG00000128713"
"ENSG00000077009","ENSG00000016602","ENSG00000125816"
"ENSG00000211814","ENSG00000125850","ENSG00000230316"
"ENSG00000127324","ENSG00000205488","ENSG00000072657"
"ENSG00000253936","ENSG00000188624","ENSG00000261409"
"ENSG00000259490","ENSG00000087128","ENSG00000214381"
"ENSG00000242766","ENSG00000276850","ENSG00000258913"
"ENSG00000039537","ENSG00000172782","ENSG00000259720"
"ENSG00000225523","ENSG00000012817","ENSG00000260947"
"ENSG00000137745","ENSG00000171403","ENSG00000143520"
"ENSG00000198028","ENSG00000162040","ENSG00000226886"
"ENSG00000214263","ENSG00000155918","ENSG00000173157"
"ENSG00000259680","ENSG00000227297","ENSG00000249577"
"ENSG00000164749","ENSG00000197953","ENSG00000163216"
"ENSG00000131686","ENSG00000010282","ENSG00000236078"
"ENSG00000254645","ENSG00000233639","ENSG00000132204"
"ENSG00000273259","ENSG00000094796","ENSG00000188133"
"ENSG00000271375","ENSG00000130701","ENSG00000186297"
"ENSG00000253545","ENSG00000237330","ENSG00000223812"
"ENSG00000271569","ENSG00000166426","ENSG00000244342"
"ENSG00000228709","ENSG00000067048","ENSG00000125999"
"ENSG00000182256","ENSG00000148704","ENSG00000134757"
"ENSG00000176204","ENSG00000229807","ENSG00000172995"
"ENSG00000240040","ENSG00000275011","ENSG00000234722"
"ENSG00000164756","ENSG00000204175","ENSG00000206262"
"ENSG00000128322","ENSG00000125813","ENSG00000253877"
"ENSG00000268902","ENSG00000251381","ENSG00000264067"
"ENSG00000185479","ENSG00000166828","ENSG00000117322"
"ENSG00000196990","ENSG00000011677","ENSG00000227674"
"ENSG00000277282","ENSG00000123407","ENSG00000205634"
"ENSG00000205628","ENSG00000230387","ENSG00000259663"
"ENSG00000253883","ENSG00000145879","ENSG00000237863"
"ENSG00000256422","ENSG00000177551","ENSG00000156687"
"ENSG00000253132","ENSG00000267683","ENSG00000211951"
"ENSG00000211725","ENSG00000273132","ENSG00000162366"
"ENSG00000254101","ENSG00000141668","ENSG00000254350"
"ENSG00000211654","ENSG00000204949","ENSG00000158639"
"ENSG00000124092","ENSG00000261711","ENSG00000211670"
"ENSG00000253742","ENSG00000236849","ENSG00000265015"
"ENSG00000163518","ENSG00000171234","ENSG00000235559"
"ENSG00000261103","ENSG00000213401","ENSG00000124205"
"ENSG00000265933","ENSG00000228262","ENSG00000259129"
"ENSG00000241566","ENSG00000131737","ENSG00000240086"
"ENSG00000267683","ENSG00000166796","ENSG00000227183"
"ENSG00000276399","ENSG00000166634","ENSG00000147689"
"ENSG00000197476","ENSG00000186474","ENSG00000077279"
"ENSG00000123407","ENSG00000269729","ENSG00000267868"
"ENSG00000165246","ENSG00000106541","ENSG00000224963"
"ENSG00000264067","ENSG00000126752","ENSG00000171401"
"ENSG00000255569","ENSG00000171711","ENSG00000120251"
"ENSG00000120057","ENSG00000182968","ENSG00000243479"
"ENSG00000148704","ENSG00000114638","ENSG00000265702"
"ENSG00000230426","ENSG00000221867","ENSG00000198074"
"ENSG00000197549","ENSG00000143536","ENSG00000231023"
"ENSG00000273388","ENSG00000077009","ENSG00000247416"
"ENSG00000147724","ENSG00000090512","ENSG00000010438"
"ENSG00000154611","ENSG00000275216","ENSG00000254851"
"ENSG00000211816","ENSG00000172155","ENSG00000233718"
"ENSG00000184937","ENSG00000256422","ENSG00000248131"
"ENSG00000253120","ENSG00000197353","ENSG00000254626"
"ENSG00000205420","ENSG00000169900","ENSG00000258986"
"ENSG00000227674","ENSG00000206262","ENSG00000268621"
"ENSG00000166736","ENSG00000197172","ENSG00000157502"
"ENSG00000154620","ENSG00000112333","ENSG00000255028"
"ENSG00000211979","ENSG00000230426","ENSG00000154620"
"ENSG00000179813","ENSG00000170477","ENSG00000237606"
"ENSG00000233850","ENSG00000268621","ENSG00000103460"
"ENSG00000251517","ENSG00000136696","ENSG00000123572"
"ENSG00000236078","ENSG00000174343","ENSG00000114487"
"ENSG00000125820","ENSG00000244094","ENSG00000099617"
"ENSG00000178568","ENSG00000142619","ENSG00000187908"
"ENSG00000234722","ENSG00000139144","ENSG00000251026"
"ENSG00000242082","ENSG00000258913","ENSG00000095917"
"ENSG00000269707","ENSG00000196344","ENSG00000259527"
"ENSG00000259129","ENSG00000186973","ENSG00000185247"
"ENSG00000124260","ENSG00000108242","ENSG00000211652"
"ENSG00000133488","ENSG00000046774","ENSG00000240671"
"ENSG00000249910","ENSG00000214381","ENSG00000131914"
"ENSG00000231331","ENSG00000114374","ENSG00000256417"
"ENSG00000255028","ENSG00000189377","ENSG00000006788"
"ENSG00000114487","ENSG00000269707","ENSG00000261364"
"ENSG00000224271","ENSG00000131686","ENSG00000110195"
"ENSG00000181234","ENSG00000130540","ENSG00000280081"
"ENSG00000166211","ENSG00000135374","ENSG00000211970"
"ENSG00000253239","ENSG00000243137","ENSG00000182968"
"ENSG00000227531","ENSG00000278530","ENSG00000167768"
"ENSG00000275418","ENSG00000204644","ENSG00000147381"
"ENSG00000226306","ENSG00000204020","ENSG00000178919"
"ENSG00000124205","ENSG00000259720","ENSG00000258927"
"ENSG00000172995","ENSG00000109193","ENSG00000148942"
"ENSG00000224607","ENSG00000243479","ENSG00000175497"
"ENSG00000237914","ENSG00000261364","ENSG00000143556"
"ENSG00000211647","ENSG00000176204","ENSG00000224842"
"ENSG00000211633","ENSG00000178172","ENSG00000176728"
"ENSG00000231811","ENSG00000125820","ENSG00000266302"
"ENSG00000249196","ENSG00000142973","ENSG00000275830"
"ENSG00000205361","ENSG00000099725","ENSG00000137142"
"ENSG00000270864","ENSG00000180332","ENSG00000249345"
"ENSG00000223812","ENSG00000170373","ENSG00000249158"
"ENSG00000171885","ENSG00000186442","ENSG00000223392"
"ENSG00000274956","ENSG00000198692","ENSG00000266885"
"ENSG00000125999","ENSG00000095917","ENSG00000229404"
"ENSG00000197888","ENSG00000174808","ENSG00000169550"
"ENSG00000204644","ENSG00000163630","ENSG00000160181"
"ENSG00000130540","ENSG00000230453","ENSG00000277693"
"ENSG00000081138","ENSG00000131002","ENSG00000124143"
"ENSG00000231023","ENSG00000171195","ENSG00000143194"
"ENSG00000237606","ENSG00000112246","ENSG00000242082"
"ENSG00000244620","ENSG00000214263","ENSG00000130957"
"ENSG00000229769","ENSG00000125571","ENSG00000132164"
"ENSG00000254547","ENSG00000250378","ENSG00000163092"
"ENSG00000151834","ENSG00000260673","ENSG00000155897"
"ENSG00000232040","ENSG00000137675","ENSG00000274576"
"ENSG00000132204","ENSG00000274956","ENSG00000196427"
"ENSG00000233718","ENSG00000169297","ENSG00000279516"
"ENSG00000224585","ENSG00000136327","ENSG00000260197"
"ENSG00000259720","ENSG00000179083","ENSG00000156076"
"ENSG00000246084","ENSG00000272298","ENSG00000127324"
"ENSG00000236719","ENSG00000248329","ENSG00000138136"
"ENSG00000160505","ENSG00000155511","ENSG00000138675"
"ENSG00000203837","ENSG00000231811","ENSG00000251056"
"ENSG00000223850","ENSG00000211964","ENSG00000258700"
"ENSG00000186832","ENSG00000186207","ENSG00000257956"
"ENSG00000176165","ENSG00000203783","ENSG00000228933"
"ENSG00000268621","ENSG00000236078","ENSG00000162763"
"ENSG00000163216","ENSG00000254547","ENSG00000133636"
"ENSG00000251578","ENSG00000260458","ENSG00000225698"
"ENSG00000253481","ENSG00000120057","ENSG00000150244"
"ENSG00000124429","ENSG00000273259","ENSG00000204644"
"ENSG00000229613","ENSG00000249306","ENSG00000101958"
"ENSG00000230481","ENSG00000124875","ENSG00000214617"
"ENSG00000279965","ENSG00000261409","ENSG00000186466"
"ENSG00000268388","ENSG00000267339","ENSG00000182050"
"ENSG00000165566","ENSG00000263639","ENSG00000224957"
"ENSG00000221957","ENSG00000264985","ENSG00000251350"
"ENSG00000267374","ENSG00000166736","ENSG00000147481"
"ENSG00000233379","ENSG00000258616","ENSG00000080224"
"ENSG00000248571","ENSG00000016082","ENSG00000230910"
"ENSG00000258616","ENSG00000182256","ENSG00000188508"
"ENSG00000253451","ENSG00000253877","ENSG00000260211"
"ENSG00000134762","ENSG00000138675","ENSG00000261010"
"ENSG00000224957","ENSG00000178772","ENSG00000234233"
"ENSG00000131914","ENSG00000183878","ENSG00000232079"
"ENSG00000146530","ENSG00000260211","ENSG00000258807"
"ENSG00000239571","ENSG00000211670","ENSG00000220948"
"ENSG00000211930","ENSG00000084674","ENSG00000178403"
"ENSG00000171401","ENSG00000253154","ENSG00000250546"
"ENSG00000133636","ENSG00000255028","ENSG00000254932"
"ENSG00000147381","ENSG00000140274","ENSG00000054803"
"ENSG00000253957","ENSG00000232040","ENSG00000226409"
"ENSG00000162366","ENSG00000249910","ENSG00000279712"
"ENSG00000258732","ENSG00000170054","ENSG00000019505"
"ENSG00000176349","ENSG00000162891","ENSG00000241361"
"ENSG00000188133","ENSG00000278998","ENSG00000166558"
"ENSG00000250378","ENSG00000133488","ENSG00000236532"
"ENSG00000211905","ENSG00000260265","ENSG00000250378"
"ENSG00000211672","ENSG00000147724","ENSG00000133115"
"ENSG00000253234","ENSG00000222033","ENSG00000125813"
"ENSG00000184811","ENSG00000176349","ENSG00000236209"
"ENSG00000065609","ENSG00000166558","ENSG00000253642"
"ENSG00000157851","ENSG00000183729","ENSG00000222031"
"ENSG00000258927","ENSG00000241294","ENSG00000186086"
"ENSG00000187908","ENSG00000255622","ENSG00000154162"
"ENSG00000133640","ENSG00000067646","ENSG00000112333"
"ENSG00000268861","ENSG00000260454","ENSG00000254438"
"ENSG00000263413","ENSG00000211951","ENSG00000156885"
"ENSG00000174808","ENSG00000211973","ENSG00000237339"
"ENSG00000254438","ENSG00000244342","ENSG00000253361"
"ENSG00000167768","ENSG00000179059","ENSG00000250420"
"ENSG00000168671","ENSG00000179008","ENSG00000168907"
"ENSG00000254046","ENSG00000258128","ENSG00000144285"
"ENSG00000006788","ENSG00000108342","ENSG00000226476"
"ENSG00000224776","ENSG00000211891","ENSG00000170477"
"ENSG00000253497","ENSG00000238271","ENSG00000237917"
"ENSG00000260947","ENSG00000224842","ENSG00000270038"
"ENSG00000171759","ENSG00000187908","ENSG00000211942"
"ENSG00000173157","ENSG00000273388","ENSG00000237864"
"ENSG00000278998","ENSG00000211638","ENSG00000183242"
"ENSG00000230453","ENSG00000237412","ENSG00000206075"
"ENSG00000275158","ENSG00000259993","ENSG00000277247"
"ENSG00000144278","ENSG00000162951","ENSG00000261036"
"ENSG00000126550","ENSG00000165246","ENSG00000280061"
"ENSG00000237864","ENSG00000242147","ENSG00000261645"
"ENSG00000254337","ENSG00000267868","ENSG00000127928"
"ENSG00000166558","ENSG00000186297","ENSG00000226145"
"ENSG00000251350","ENSG00000211652","ENSG00000249574"
"ENSG00000148942","ENSG00000224271","ENSG00000165794"
"ENSG00000169297","ENSG00000254645","ENSG00000253661"
"ENSG00000244414","ENSG00000261121","ENSG00000143032"
"ENSG00000266302","ENSG00000227183","ENSG00000249001"
"ENSG00000172867","ENSG00000207702","ENSG00000258548"
"ENSG00000187173","ENSG00000186867","ENSG00000131686"
"ENSG00000136546","ENSG00000133115","ENSG00000211685"
"ENSG00000243137","ENSG00000258986","ENSG00000184302"
"ENSG00000253642","ENSG00000211976","ENSG00000230847"
"ENSG00000072657","ENSG00000240671","ENSG00000176136"
"ENSG00000242599","ENSG00000225930","ENSG00000133124"
"ENSG00000143194","ENSG00000233850","ENSG00000134760"
"ENSG00000261645","ENSG00000260704","ENSG00000270207"
"ENSG00000152092","ENSG00000231023","ENSG00000164651"
"ENSG00000265737","ENSG00000224776","ENSG00000267339"
"ENSG00000185247","ENSG00000128713","ENSG00000215914"
"ENSG00000273325","ENSG00000263821","ENSG00000227757"
"ENSG00000260197","ENSG00000006788","ENSG00000165566"
"ENSG00000251026","ENSG00000237863","ENSG00000222033"
"ENSG00000249306","ENSG00000180347","ENSG00000259425"
"ENSG00000095917","ENSG00000254350","ENSG00000239389"
"ENSG00000233732","ENSG00000233221","ENSG00000211650"
"ENSG00000198054","ENSG00000099617","ENSG00000227128"
"ENSG00000267339","ENSG00000268879","ENSG00000249395"
"ENSG00000253709","ENSG00000165566","ENSG00000196109"
"ENSG00000176728","ENSG00000206120","ENSG00000253171"
"ENSG00000253877","ENSG00000258700","ENSG00000254491"
"ENSG00000273301","ENSG00000261103","ENSG00000267374"
"ENSG00000266602","ENSG00000243264","ENSG00000163534"
"ENSG00000265612","ENSG00000242887","ENSG00000273325"
"ENSG00000112333","ENSG00000211685","ENSG00000152208"
"ENSG00000227183","ENSG00000155495","ENSG00000233124"
"ENSG00000253131","ENSG00000233718","ENSG00000254395"
"ENSG00000211674","ENSG00000101958","ENSG00000259993"
"ENSG00000226886","ENSG00000187054","ENSG00000227195"
"ENSG00000264985","ENSG00000254932","ENSG00000211658"
"ENSG00000233124","ENSG00000178568","ENSG00000231758"
"ENSG00000141255","ENSG00000225698","ENSG00000113327"
"ENSG00000148123","ENSG00000237606","ENSG00000237212"
"ENSG00000244342","ENSG00000211970","ENSG00000256321"
"ENSG00000103460","ENSG00000229637","ENSG00000039537"
"ENSG00000229921","ENSG00000133124","ENSG00000083307"
"ENSG00000170786","ENSG00000224060","ENSG00000279375"
"ENSG00000070193","ENSG00000226886","ENSG00000251381"
"ENSG00000226031","ENSG00000223850","ENSG00000277945"
"ENSG00000277247","ENSG00000279375","ENSG00000226031"
"ENSG00000163630","ENSG00000205927","ENSG00000239508"
"ENSG00000255622","ENSG00000188133","ENSG00000229407"
"ENSG00000146166","ENSG00000234840","ENSG00000102678"
"ENSG00000249574","ENSG00000234233","ENSG00000163631"
"ENSG00000249948","ENSG00000223812","ENSG00000143355"
"ENSG00000249345","ENSG00000176136","ENSG00000243137"
"ENSG00000206120","ENSG00000164485","ENSG00000234805"
"ENSG00000225872","ENSG00000096006","ENSG00000086548"
"ENSG00000254626","ENSG00000151952","ENSG00000144339"
"ENSG00000211749","ENSG00000242082","ENSG00000130876"
"ENSG00000267868","ENSG00000240040","ENSG00000225206"
"ENSG00000248131","ENSG00000267368","ENSG00000225930"
"ENSG00000254326","ENSG00000249574","ENSG00000211937"
"ENSG00000197794","ENSG00000226562","ENSG00000142619"
"ENSG00000243479","ENSG00000114771","ENSG00000234224"
"ENSG00000170477","ENSG00000072657","ENSG00000155511"
"ENSG00000277693","ENSG00000260658","ENSG00000146166"
"ENSG00000229407","ENSG00000125816","ENSG00000236921"
"ENSG00000239389","ENSG00000235994","ENSG00000106536"
"ENSG00000226409","ENSG00000110195","ENSG00000226191"
"ENSG00000254932","ENSG00000174156","ENSG00000211655"
"ENSG00000226508","ENSG00000250420","ENSG00000171759"
"ENSG00000249158","ENSG00000103460","ENSG00000249413"
"ENSG00000156885","ENSG00000274576","ENSG00000224776"
"ENSG00000254350","ENSG00000224807","ENSG00000070193"
"ENSG00000239975","ENSG00000251584","ENSG00000239268"
"ENSG00000241361","ENSG00000152092","ENSG00000124935"
"ENSG00000183072","ENSG00000162763","ENSG00000153002"
"ENSG00000235559","ENSG00000205667","ENSG00000091482"
"ENSG00000056291","ENSG00000196071","ENSG00000151962"
"ENSG00000260518","ENSG00000263045","ENSG00000207702"
"ENSG00000276758","ENSG00000235029","ENSG00000165953"
"ENSG00000253291","ENSG00000226306","ENSG00000236268"
"ENSG00000261409","ENSG00000257588","ENSG00000187172"
"ENSG00000258913","ENSG00000267922","ENSG00000172179"
"ENSG00000135409","ENSG00000264067","ENSG00000224060"
"ENSG00000247416","ENSG00000156687","ENSG00000254919"
"ENSG00000030304","ENSG00000211655","ENSG00000187772"
"ENSG00000242534","ENSG00000265702","ENSG00000184672"
"ENSG00000140835","ENSG00000211658","ENSG00000267313"
"ENSG00000142973","ENSG00000259527","ENSG00000182583"
"ENSG00000123572","ENSG00000138136","ENSG00000034971"
"ENSG00000265702","ENSG00000198028","ENSG00000153802"
"ENSG00000270038","ENSG00000169271","ENSG00000135409"
"ENSG00000254851","ENSG00000277247","ENSG00000095777"
"ENSG00000249577","ENSG00000171885","ENSG00000268606"
"ENSG00000102678","ENSG00000248663","ENSG00000162782"
"ENSG00000257275","ENSG00000239819","ENSG00000170465"
"ENSG00000167769","ENSG00000227999","ENSG00000237074"
"ENSG00000164485","ENSG00000223350","ENSG00000234575"
"ENSG00000224239","ENSG00000254851","ENSG00000124875"
"ENSG00000054803","ENSG00000134240","ENSG00000237412"
"ENSG00000205634","ENSG00000254101","ENSG00000243955"
"ENSG00000260802","ENSG00000237917","ENSG00000166007"
"ENSG00000196427","ENSG00000223392","ENSG00000260704"
"ENSG00000236209","ENSG00000141255","ENSG00000258998"
"ENSG00000263821","ENSG00000235726","ENSG00000175302"
"ENSG00000255429","ENSG00000133636","ENSG00000236719"
"ENSG00000124882","ENSG00000196616","ENSG00000235049"
"ENSG00000253361","ENSG00000230910","ENSG00000187398"
"ENSG00000253441","ENSG00000133640","ENSG00000224227"
"ENSG00000196109","ENSG00000143032","ENSG00000170356"
"ENSG00000127928","ENSG00000232650","ENSG00000225127"
"ENSG00000261704","ENSG00000269376","ENSG00000224361"
"ENSG00000261121","ENSG00000226191","ENSG00000166961"
"ENSG00000251209","ENSG00000220948","ENSG00000146530"
"ENSG00000132164","ENSG00000256481","ENSG00000163207"
"ENSG00000279516","ENSG00000254321","ENSG00000167656"
"ENSG00000196071","ENSG00000237339","ENSG00000277893"
"ENSG00000160181","ENSG00000224963","ENSG00000234948"
"ENSG00000256417","ENSG00000159398","ENSG00000165164"
"ENSG00000179008","ENSG00000215914","ENSG00000224239"
"ENSG00000101958","ENSG00000226278","ENSG00000278998"
"ENSG00000166396","ENSG00000280061","ENSG00000205361"
"ENSG00000169550","ENSG00000211650","ENSG00000274895"
"ENSG00000122859","ENSG00000047936","ENSG00000254321"
"ENSG00000261305","ENSG00000267231","ENSG00000167741"
"ENSG00000182050","ENSG00000266302","ENSG00000276308"
"ENSG00000211720","ENSG00000034971","ENSG00000248498"
"ENSG00000170356","ENSG00000163499","ENSG00000243264"
"ENSG00000229108","ENSG00000164651","ENSG00000165471"
"ENSG00000249395","ENSG00000259129","ENSG00000226508"
"ENSG00000265929","ENSG00000265015","ENSG00000280145"
"ENSG00000130957","ENSG00000211632","ENSG00000271390"
"ENSG00000233085","ENSG00000254395","ENSG00000184029"
"ENSG00000261834","ENSG00000196893","ENSG00000228271"
"ENSG00000133115","ENSG00000252051","ENSG00000229921"
"ENSG00000223392","ENSG00000247416","ENSG00000143839"
"ENSG00000229637","ENSG00000019505","ENSG00000213931"
"ENSG00000186086","ENSG00000243063","ENSG00000186973"
"ENSG00000170054","ENSG00000254438","ENSG00000163209"
"ENSG00000235782","ENSG00000224227","ENSG00000259897"
"ENSG00000175302","ENSG00000250125","ENSG00000178772"
"ENSG00000267368","ENSG00000235782","ENSG00000155052"
"ENSG00000264781","ENSG00000243955","ENSG00000186439"
"ENSG00000270467","ENSG00000260947","ENSG00000239819"
"ENSG00000261761","ENSG00000259663","ENSG00000248103"
"ENSG00000099399","ENSG00000227128","ENSG00000235994"
"ENSG00000125816","ENSG00000211937","ENSG00000279965"
"ENSG00000187172","ENSG00000223345","ENSG00000141255"
"ENSG00000253247","ENSG00000254417","ENSG00000250579"
"ENSG00000165794","ENSG00000234373","ENSG00000188937"
"ENSG00000258986","ENSG00000163736","ENSG00000251584"
"ENSG00000124875","ENSG00000163631","ENSG00000233215"
"ENSG00000215914","ENSG00000148123","ENSG00000232539"
"ENSG00000141668","ENSG00000132975","ENSG00000234373"
"ENSG00000136327","ENSG00000154620","ENSG00000232760"
"ENSG00000163631","ENSG00000160181","ENSG00000124429"
"ENSG00000162763","ENSG00000144278","ENSG00000205424"
"ENSG00000261010","ENSG00000239508","ENSG00000233850"
"ENSG00000237212","ENSG00000222031","ENSG00000260658"
"ENSG00000174343","ENSG00000148942","ENSG00000276478"
"ENSG00000130876","ENSG00000260268","ENSG00000174343"
"ENSG00000155897","ENSG00000233379","ENSG00000165799"
"ENSG00000261036","ENSG00000077279","ENSG00000276972"
"ENSG00000234233","ENSG00000211968","ENSG00000112246"
"ENSG00000010438","ENSG00000235559","ENSG00000146678"
"ENSG00000254204","ENSG00000184811","ENSG00000182040"
"ENSG00000230316","ENSG00000258910","ENSG00000264230"
"ENSG00000222033","ENSG00000156564","ENSG00000256481"
"ENSG00000203907","ENSG00000235378","ENSG00000267368"
"ENSG00000087128","ENSG00000260197","ENSG00000151952"
"ENSG00000211924","ENSG00000170356","ENSG00000253344"
"ENSG00000228325","ENSG00000253764","ENSG00000231776"
"ENSG00000226278","ENSG00000241098","ENSG00000260518"
"ENSG00000240086","ENSG00000184302","ENSG00000177551"
"ENSG00000162951","ENSG00000266256","ENSG00000133020"
"ENSG00000248874","ENSG00000236719","ENSG00000268388"
"ENSG00000229404","ENSG00000143954","ENSG00000225606"
"ENSG00000258807","ENSG00000257956","ENSG00000256915"
"ENSG00000254098","ENSG00000227674","ENSG00000211968"
"ENSG00000214617","ENSG00000268388","ENSG00000125414"
"ENSG00000251584","ENSG00000178403","ENSG00000244564"
"ENSG00000154162","ENSG00000211664","ENSG00000170786"
"ENSG00000147689","ENSG00000186009","ENSG00000250033"
"ENSG00000164796","ENSG00000176728","ENSG00000235726"
"ENSG00000224963","ENSG00000253344","ENSG00000186867"
"ENSG00000265015","ENSG00000187527","ENSG00000266602"
"ENSG00000186466","ENSG00000249577","ENSG00000188089"
"ENSG00000129151","ENSG00000166007","ENSG00000263821"
"ENSG00000183242","ENSG00000229743","ENSG00000233085"
"ENSG00000178772","ENSG00000233124","ENSG00000235669"
"ENSG00000198074","ENSG00000127324","ENSG00000189377"
"ENSG00000106536","ENSG00000211942","ENSG00000226101"
"ENSG00000222031","ENSG00000224260","ENSG00000259518"
"ENSG00000279565","ENSG00000164796","ENSG00000223350"
"ENSG00000110195","ENSG00000150244","ENSG00000254489"
"ENSG00000211656","ENSG00000145692","ENSG00000120088"
"ENSG00000134193","ENSG00000257743","ENSG00000153294"
"ENSG00000095777","ENSG00000117322","ENSG00000265417"
"ENSG00000251226","ENSG00000226508","ENSG00000223850"
"ENSG00000223345","ENSG00000165702","ENSG00000253164"
"ENSG00000232539","ENSG00000262539","ENSG00000257277"
"ENSG00000112175","ENSG00000163288","ENSG00000257826"
"ENSG00000204670","ENSG00000261645","ENSG00000185352"
"ENSG00000237863","ENSG00000254659","ENSG00000109061"
"ENSG00000225127","ENSG00000226409","ENSG00000277128"
"ENSG00000251363","ENSG00000212237","ENSG00000266256"
"ENSG00000165471","ENSG00000102678","ENSG00000163499"
"ENSG00000034971","ENSG00000278840","ENSG00000134365"
"ENSG00000008196","ENSG00000224237","ENSG00000215452"
"ENSG00000120251","ENSG00000273325","ENSG00000242021"
"ENSG00000226383","ENSG00000180251","ENSG00000276775"
"ENSG00000260019","ENSG00000224041","ENSG00000253764"
"ENSG00000254659","ENSG00000120088","ENSG00000232040"
"ENSG00000215580","ENSG00000276775","ENSG00000182255"
"ENSG00000126266","ENSG00000250579","ENSG00000237515"
"ENSG00000250546","ENSG00000272163","ENSG00000168671"
"ENSG00000232079","ENSG00000233535","ENSG00000174016"
"ENSG00000186191","ENSG00000261502","ENSG00000118733"
"ENSG00000211661","ENSG00000135409","ENSG00000176165"
"ENSG00000257956","ENSG00000182050","ENSG00000229108"
"ENSG00000137142","ENSG00000123977","ENSG00000258910"
"ENSG00000259527","ENSG00000232006","ENSG00000251209"
"ENSG00000262539","ENSG00000231758","ENSG00000169064"
"ENSG00000019505","ENSG00000221957","ENSG00000251664"
"ENSG00000133020","ENSG00000183072","ENSG00000251182"
"ENSG00000204296","ENSG00000267243","ENSG00000204961"
"ENSG00000188508","ENSG00000250596","ENSG00000178934"
"ENSG00000227757","ENSG00000250816","ENSG00000242948"
"ENSG00000267243","ENSG00000211933","ENSG00000196071"
"ENSG00000196242","ENSG00000224957","ENSG00000180347"
"ENSG00000166426","ENSG00000228952","ENSG00000169469"
"ENSG00000277893","ENSG00000152254","ENSG00000242887"
"ENSG00000266885","ENSG00000147481","ENSG00000225872"
"ENSG00000156269","ENSG00000204941","ENSG00000187527"
"ENSG00000239508","ENSG00000234781","ENSG00000232006"
"ENSG00000228271","ENSG00000223548","ENSG00000166959"
"ENSG00000099617","ENSG00000232760","ENSG00000168143"
"ENSG00000258700","ENSG00000279068","ENSG00000152254"
"ENSG00000253344","ENSG00000259425","ENSG00000225376"
"ENSG00000156395","ENSG00000280924","ENSG00000258183"
"ENSG00000187772","ENSG00000257826","ENSG00000040731"
"ENSG00000220948","ENSG00000237864","ENSG00000196104"
"ENSG00000170486","ENSG00000157851","ENSG00000230863"
"ENSG00000196893","ENSG00000256560","ENSG00000236740"
"ENSG00000150244","ENSG00000233999","ENSG00000267142"
"ENSG00000169551","ENSG00000236209","ENSG00000196242"
"ENSG00000228933","ENSG00000228528","ENSG00000279068"
"ENSG00000260211","ENSG00000234998","ENSG00000211642"
"ENSG00000227195","ENSG00000114487","ENSG00000267243"
"ENSG00000233515","ENSG00000228709","ENSG00000211632"
"ENSG00000178403","ENSG00000131914","ENSG00000179813"
"ENSG00000189377","ENSG00000254491","ENSG00000268869"
"ENSG00000224227","ENSG00000163737","ENSG00000204790"
"ENSG00000236532","ENSG00000081138","ENSG00000261502"
"ENSG00000187690","ENSG00000237265","ENSG00000258732"
"ENSG00000231758","ENSG00000232079","ENSG00000099399"
"ENSG00000147481","ENSG00000206129","ENSG00000106541"
"ENSG00000235669","ENSG00000256982","ENSG00000156395"
"ENSG00000171804","ENSG00000256417","ENSG00000263711"
"ENSG00000279712","ENSG00000250456","ENSG00000142973"
"ENSG00000237917","ENSG00000268916","ENSG00000136695"
"ENSG00000206262","ENSG00000184845","ENSG00000253400"
"ENSG00000128713","ENSG00000175497","ENSG00000260019"
"ENSG00000143954","ENSG00000225606","ENSG00000260268"
"ENSG00000251372","ENSG00000268902","ENSG00000236333"
"ENSG00000134365","ENSG00000253361","ENSG00000184811"
"ENSG00000207702","ENSG00000258998","ENSG00000267231"
"ENSG00000236921","ENSG00000165583","ENSG00000263745"
"ENSG00000234805","ENSG00000196427","ENSG00000112175"
"ENSG00000223609","ENSG00000211611","ENSG00000255394"
"ENSG00000186297","ENSG00000255239","ENSG00000176194"
"ENSG00000143520","ENSG00000188937","ENSG00000016602"
"ENSG00000249237","ENSG00000211946","ENSG00000126266"
"ENSG00000228549","ENSG00000241439","ENSG00000163288"
"ENSG00000257277","ENSG00000163534","ENSG00000241098"
"ENSG00000150275","ENSG00000228271","ENSG00000235615"
"ENSG00000248515","ENSG00000265933","ENSG00000226278"
"ENSG00000156687","ENSG00000256463","ENSG00000212237"
"ENSG00000250420","ENSG00000186439","ENSG00000124253"
"ENSG00000250579","ENSG00000151834","ENSG00000185559"
"ENSG00000187268","ENSG00000184995","ENSG00000248479"
"ENSG00000269964","ENSG00000226383","ENSG00000228952"
"ENSG00000016082","ENSG00000214617","ENSG00000225760"
"ENSG00000124253","ENSG00000248479","ENSG00000231535"
"ENSG00000143839","ENSG00000234722","ENSG00000261116"
"ENSG00000077279","ENSG00000182816","ENSG00000273132"
"ENSG00000280145","ENSG00000180071","ENSG00000204962"
"ENSG00000226145","ENSG00000273301","ENSG00000167757"
"ENSG00000250658","ENSG00000267374","ENSG00000188729"
"ENSG00000166104","ENSG00000184672","ENSG00000150275"
"ENSG00000163209","ENSG00000253171","ENSG00000226383"
"ENSG00000182583","ENSG00000243238","ENSG00000119919"
"ENSG00000276478","ENSG00000163092","ENSG00000251363"
"ENSG00000243810","ENSG00000276399","ENSG00000149972"
"ENSG00000275830","ENSG00000230316","ENSG00000056291"
"ENSG00000267231","ENSG00000236333","ENSG00000261761"
"ENSG00000232242","ENSG00000273492","ENSG00000250125"
"ENSG00000143032","ENSG00000266977","ENSG00000260653"
"ENSG00000279375","ENSG00000070193","ENSG00000249237"
"ENSG00000235994","ENSG00000186466","ENSG00000105143"
"ENSG00000230847","ENSG00000130957","ENSG00000230432"
"ENSG00000235726","ENSG00000241244","ENSG00000134612"
"ENSG00000163207","ENSG00000164438","ENSG00000236197"
"ENSG00000143355","ENSG00000232539","ENSG00000087128"
"ENSG00000224842","ENSG00000234805","ENSG00000260230"
"ENSG00000158874","ENSG00000056291","ENSG00000206129"
"ENSG00000226476","ENSG00000254489","ENSG00000186191"
"ENSG00000164651","ENSG00000125999","ENSG00000271766"
"ENSG00000124143","ENSG00000136546","ENSG00000223345"
"ENSG00000134757","ENSG00000124205","ENSG00000107807"
"ENSG00000259425","ENSG00000234756","ENSG00000248783"
"ENSG00000225760","ENSG00000122145","ENSG00000166104"
"ENSG00000234948","ENSG00000230847","ENSG00000278971"
"ENSG00000231062","ENSG00000206159","ENSG00000204421"
"ENSG00000280081","ENSG00000145192","ENSG00000204849"
"ENSG00000272566","ENSG00000260611","ENSG00000243238"
"ENSG00000234068","ENSG00000277893","ENSG00000236366"
"ENSG00000250596","ENSG00000153002","ENSG00000250215"
"ENSG00000258910","ENSG00000250546","ENSG00000257588"
"ENSG00000254919","ENSG00000203907","ENSG00000241794"
"ENSG00000266256","ENSG00000158874","ENSG00000260788"
"ENSG00000253661","ENSG00000259337","ENSG00000196893"
"ENSG00000244564","ENSG00000146530","ENSG00000211961"
"ENSG00000251381","ENSG00000177519","ENSG00000235902"
"ENSG00000243955","ENSG00000039537","ENSG00000178235"
"ENSG00000250033","ENSG00000279965","ENSG00000170423"
"ENSG00000253171","ENSG00000198681","ENSG00000167355"
"ENSG00000134760","ENSG00000179813","ENSG00000278630"
"ENSG00000254321","ENSG00000226580","ENSG00000146352"
"ENSG00000224237","ENSG00000168671","ENSG00000259222"
"ENSG00000142619","ENSG00000255020","ENSG00000224237"
"ENSG00000226191","ENSG00000274895","ENSG00000223648"
"ENSG00000102290","ENSG00000174914","ENSG00000234781"
"ENSG00000139304","ENSG00000180383","ENSG00000261305"
"ENSG00000228835","ENSG00000225872","ENSG00000145526"
"ENSG00000130368","ENSG00000234224","ENSG00000154975"
"ENSG00000259897","ENSG00000228933","ENSG00000189108"
"ENSG00000086548","ENSG00000260019","ENSG00000273492"
"ENSG00000153002","ENSG00000236532","ENSG00000160505"
"ENSG00000233215","ENSG00000237515","ENSG00000227999"
"ENSG00000229246","ENSG00000275830","ENSG00000262539"
"ENSG00000177519","ENSG00000244564","ENSG00000219926"
"ENSG00000016602","ENSG00000155052","ENSG00000248515"
"ENSG00000231535","ENSG00000261010","ENSG00000233535"
"ENSG00000109061","ENSG00000164749","ENSG00000145692"
"ENSG00000253460","ENSG00000095777","ENSG00000228549"
"ENSG00000165799","ENSG00000184937","ENSG00000178363"
"ENSG00000236069","ENSG00000254204","ENSG00000231561"
"ENSG00000258548","ENSG00000211974","ENSG00000165702"
"ENSG00000214407","ENSG00000258183","ENSG00000278840"
"ENSG00000231561","ENSG00000185303","ENSG00000113430"
"ENSG00000270980","ENSG00000130876","ENSG00000273769"
"ENSG00000143556","ENSG00000268883","ENSG00000154646"
"ENSG00000134612","ENSG00000260958","ENSG00000147246"
"ENSG00000152208","ENSG00000101204","ENSG00000211974"
"ENSG00000125414","ENSG00000118733","ENSG00000163736"
"ENSG00000171772","ENSG00000258732","ENSG00000128610"
"ENSG00000162782","ENSG00000187855","ENSG00000257904"
"ENSG00000274895","ENSG00000162782","ENSG00000235029"
"ENSG00000250215","ENSG00000237790","ENSG00000254337"
"ENSG00000166007","ENSG00000200033","ENSG00000228966"
"ENSG00000133124","ENSG00000175302","ENSG00000158874"
"ENSG00000258183","ENSG00000249237","ENSG00000224854"
"ENSG00000228966","ENSG00000257277","ENSG00000224853"
"ENSG00000260788","ENSG00000224854","ENSG00000169035"
"ENSG00000206129","ENSG00000211935","ENSG00000177519"
"ENSG00000256321","ENSG00000146678","ENSG00000118526"
"ENSG00000248103","ENSG00000164756","ENSG00000105388"
"ENSG00000156076","ENSG00000254626","ENSG00000226530"
"ENSG00000254491","ENSG00000233987","ENSG00000163737"
"ENSG00000268869","ENSG00000249509","ENSG00000269964"
"ENSG00000215452","ENSG00000166959","ENSG00000233987"
"ENSG00000145526","ENSG00000125207","ENSG00000248869"
"ENSG00000105143","ENSG00000280081","ENSG00000183305"
"ENSG00000232650","ENSG00000253400","ENSG00000250596"
"ENSG00000180383","ENSG00000270207","ENSG00000170426"
"ENSG00000182968","ENSG00000261036","ENSG00000189229"
"ENSG00000279068","ENSG00000211639","ENSG00000273301"
"ENSG00000083307","ENSG00000236921","ENSG00000104760"
"ENSG00000273367","ENSG00000229921","ENSG00000165643"
"ENSG00000124935","ENSG00000229108","ENSG00000264595"
"ENSG00000200033","ENSG00000198797","ENSG00000200033"
"ENSG00000280061","ENSG00000181234","ENSG00000125285"
"ENSG00000254489","ENSG00000172179","ENSG00000140481"
"ENSG00000260653","ENSG00000272566","ENSG00000159337"
"ENSG00000236268","ENSG00000226101","ENSG00000253301"
"ENSG00000251056","ENSG00000205634","ENSG00000236345"
"ENSG00000091482","ENSG00000154975","ENSG00000243810"
"ENSG00000163092","ENSG00000259459","ENSG00000236069"
"ENSG00000138675","ENSG00000228570","ENSG00000224041"
"ENSG00000167741","ENSG00000236268","ENSG00000279479"
"ENSG00000224060","ENSG00000211642","ENSG00000249509"
"ENSG00000170367","ENSG00000235049","ENSG00000174914"
"ENSG00000181092","ENSG00000186191","ENSG00000263045"
"ENSG00000259663","ENSG00000212724","ENSG00000241244"
"ENSG00000198033","ENSG00000126266","ENSG00000235782"
"ENSG00000189229","ENSG00000144339","ENSG00000047936"
"ENSG00000198354","ENSG00000259897","ENSG00000250682"
"ENSG00000253500","ENSG00000237074","ENSG00000251539"
"ENSG00000251664","ENSG00000156076","ENSG00000254204"
"ENSG00000278630","ENSG00000203864","ENSG00000260075"
"ENSG00000164129","ENSG00000149305","ENSG00000255375"
"ENSG00000155511","ENSG00000273769","ENSG00000249506"
"ENSG00000170423","ENSG00000273367","ENSG00000255429"
"ENSG00000241104","ENSG00000084453","ENSG00000142273"
"ENSG00000245662","ENSG00000225127","ENSG00000241439"
"ENSG00000186487","ENSG00000224853","ENSG00000272163"
"ENSG00000271390","ENSG00000188403","ENSG00000256982"
"ENSG00000276972","ENSG00000248740","ENSG00000057149"
"ENSG00000157502","ENSG00000279712","ENSG00000263635"
"ENSG00000224854","ENSG00000225764","ENSG00000203907"
"ENSG00000234781","ENSG00000261538","ENSG00000265737"
"ENSG00000257588","ENSG00000233085","ENSG00000211664"
"ENSG00000263745","ENSG00000235902","ENSG00000268307"
"ENSG00000169126","ENSG00000177108","ENSG00000228573"
"ENSG00000231236","ENSG00000258803","ENSG00000237849"
"ENSG00000253764","ENSG00000137142","ENSG00000162897"
"ENSG00000269793","ENSG00000091482","ENSG00000254445"
"ENSG00000184845","ENSG00000225760","ENSG00000259666"
"ENSG00000176746","ENSG00000211904","ENSG00000243063"
"ENSG00000196104","ENSG00000146352","ENSG00000260611"
"ENSG00000249413","ENSG00000168124","ENSG00000281128"
"ENSG00000256915","ENSG00000271892","ENSG00000253203"
"ENSG00000186973","ENSG00000253274","ENSG00000250816"
"ENSG00000233535","ENSG00000239739","ENSG00000211946"
"ENSG00000156009","ENSG00000213130","ENSG00000137440"
"ENSG00000205424","ENSG00000249158","ENSG00000229151"
"ENSG00000226530","ENSG00000241361","ENSG00000180383"
"ENSG00000276308","ENSG00000130700","ENSG00000253154"
"ENSG00000189051","ENSG00000224361","ENSG00000233999"
"ENSG00000224807","ENSG00000253619","ENSG00000186442"
"ENSG00000260704","ENSG00000176515","ENSG00000205667"
"ENSG00000136695","ENSG00000239389","ENSG00000248874"
"ENSG00000238269","ENSG00000211938","ENSG00000253619"
"ENSG00000229151","ENSG00000242766","ENSG00000211938"
"ENSG00000234224","ENSG00000276819","ENSG00000101204"
"ENSG00000253400","ENSG00000169393","ENSG00000156009"
"ENSG00000182077","ENSG00000228824","ENSG00000256560"
"ENSG00000273769","ENSG00000223648","ENSG00000198797"
"ENSG00000249341","ENSG00000276566","ENSG00000269067"
"ENSG00000227999","ENSG00000281809","ENSG00000248174"
"ENSG00000230910","ENSG00000266200","ENSG00000241104"
"ENSG00000267142","ENSG00000211961","ENSG00000218048"
"ENSG00000267051","ENSG00000254445","ENSG00000177108"
"ENSG00000187398","ENSG00000144285","ENSG00000231236"
"ENSG00000180071","ENSG00000280145","ENSG00000130368"
"ENSG00000104760","ENSG00000187398","ENSG00000211639"
"ENSG00000252051","ENSG00000250033","ENSG00000163497"
"ENSG00000237412","ENSG00000170486","ENSG00000238118"
"ENSG00000136696","ENSG00000279042","ENSG00000211933"
"ENSG00000249506","ENSG00000260073","ENSG00000224294"
"ENSG00000260075","ENSG00000234056","ENSG00000226004"
"ENSG00000258654","ENSG00000080224","ENSG00000232650"
"ENSG00000184029","ENSG00000242371","ENSG00000176746"
"ENSG00000243944","ENSG00000231062","ENSG00000261538"
"ENSG00000167656","ENSG00000226031","ENSG00000224807"
"ENSG00000267696","ENSG00000107807","ENSG00000268883"
"ENSG00000259993","ENSG00000279597","ENSG00000164438"
"ENSG00000253619","ENSG00000267051","ENSG00000279711"
"ENSG00000242021","ENSG00000205424","ENSG00000258803"
"ENSG00000147246","ENSG00000054803","ENSG00000136696"
"ENSG00000188937","ENSG00000249341","ENSG00000149305"
"ENSG00000165953","ENSG00000273906","ENSG00000203864"
"ENSG00000255980","ENSG00000271130","ENSG00000102021"
"ENSG00000237849","ENSG00000205361","ENSG00000244414"
"ENSG00000234998","ENSG00000166961","ENSG00000111262"
"ENSG00000232006","ENSG00000154646","ENSG00000242268"
"ENSG00000101292","ENSG00000156885","ENSG00000108342"
"ENSG00000257826","ENSG00000124935","ENSG00000154611"
"ENSG00000263711","ENSG00000249196","ENSG00000156269"
"ENSG00000250816","ENSG00000109061","ENSG00000258417"
"ENSG00000266977","ENSG00000237949","ENSG00000139330"
"ENSG00000185559","ENSG00000123572","ENSG00000180178"
"ENSG00000263635","ENSG00000258417","ENSG00000211935"
"ENSG00000224361","ENSG00000225376","ENSG00000260958"
"ENSG00000237223","ENSG00000250215","ENSG00000268080"
"ENSG00000168907","ENSG00000248874","ENSG00000264424"
"ENSG00000212237","ENSG00000253642","ENSG00000197641"
"ENSG00000108342","ENSG00000267142","ENSG00000223634"
"ENSG00000166961","ENSG00000104760","ENSG00000203785"
"ENSG00000068985","ENSG00000239939","ENSG00000225764"
"ENSG00000279479","ENSG00000271178","ENSG00000261020"
"ENSG00000118526","ENSG00000242948","ENSG00000254659"
"ENSG00000120088","ENSG00000211667","ENSG00000235454"
"ENSG00000248783","ENSG00000165471","ENSG00000249948"
"ENSG00000145692","ENSG00000249001","ENSG00000140015"
"ENSG00000265417","ENSG00000237787","ENSG00000223548"
"ENSG00000165702","ENSG00000126550","ENSG00000105141"
"ENSG00000263045","ENSG00000186086","ENSG00000213130"
"ENSG00000270207","ENSG00000143355","ENSG00000189186"
"ENSG00000184139","ENSG00000255119","ENSG00000269793"
"ENSG00000256982","ENSG00000169126","ENSG00000239739"
"ENSG00000170465","ENSG00000258902","ENSG00000272566"
"ENSG00000111262","ENSG00000277268","ENSG00000232242"
"ENSG00000278847","ENSG00000171759","ENSG00000264859"
"ENSG00000154646","ENSG00000267313","ENSG00000253500"
"ENSG00000206075","ENSG00000160683","ENSG00000279588"
"ENSG00000233987","ENSG00000251350","ENSG00000119913"
"ENSG00000186867","ENSG00000204962","ENSG00000176571"
"ENSG00000183434","ENSG00000278054","ENSG00000269376"
"ENSG00000236333","ENSG00000237223","ENSG00000269043"
"ENSG00000146678","ENSG00000240086","ENSG00000254256"
"ENSG00000188729","ENSG00000171804","ENSG00000235749"
"ENSG00000134765","ENSG00000182077","ENSG00000267696"
"ENSG00000258803","ENSG00000224239","ENSG00000143536"
"ENSG00000230863","ENSG00000231535","ENSG00000203859"
"ENSG00000269067","ENSG00000128610","ENSG00000271952"
"ENSG00000213931","ENSG00000239268","ENSG00000224260"
"ENSG00000176194","ENSG00000204072","ENSG00000167754"
"ENSG00000236366","ENSG00000150275","ENSG00000266977"
"ENSG00000248479","ENSG00000254174","ENSG00000132972"
"ENSG00000237074","ENSG00000185559","ENSG00000169059"
"ENSG00000225606","ENSG00000228835","ENSG00000170454"
"ENSG00000151962","ENSG00000204961","ENSG00000125207"
"ENSG00000234575","ENSG00000227925","ENSG00000253117"
"ENSG00000204961","ENSG00000154162","ENSG00000180332"
"ENSG00000140015","ENSG00000263745","ENSG00000276819"
"ENSG00000146151","ENSG00000270816","ENSG00000206159"
"ENSG00000129152","ENSG00000265737","ENSG00000160683"
"ENSG00000236985","ENSG00000132204","ENSG00000226053"
"ENSG00000268080","ENSG00000232560","ENSG00000249341"
"ENSG00000228952","ENSG00000229962","ENSG00000261821"
"ENSG00000255119","ENSG00000249727","ENSG00000276566"
"ENSG00000259222","ENSG00000196242","ENSG00000255433"
"ENSG00000113327","ENSG00000235669","ENSG00000122584"
"ENSG00000273492","ENSG00000254256","ENSG00000260978"
"ENSG00000248238","ENSG00000256321","ENSG00000255119"
"ENSG00000218048","ENSG00000271375","ENSG00000260802"
"ENSG00000253301","ENSG00000219926","ENSG00000279770"
"ENSG00000149305","ENSG00000256915","ENSG00000171772"
"ENSG00000000005","ENSG00000143839","ENSG00000125998"
"ENSG00000254445","ENSG00000166104","ENSG00000279042"
"ENSG00000255394","ENSG00000227712","ENSG00000235026"
"ENSG00000176136","ENSG00000171772","ENSG00000235378"
"ENSG00000178919","ENSG00000276308","ENSG00000252051"
"ENSG00000144339","ENSG00000211665","ENSG00000254031"
"ENSG00000166959","ENSG00000211805","ENSG00000000005"
"ENSG00000260958","ENSG00000237111","ENSG00000139800"
"ENSG00000248498","ENSG00000111404","ENSG00000268104"
"ENSG00000080224","ENSG00000124092","ENSG00000187690"
"ENSG00000163288","ENSG00000278263","ENSG00000278847"
"ENSG00000144285","ENSG00000281591","ENSG00000251518"
"ENSG00000151952","ENSG00000242021","ENSG00000169551"
"ENSG00000229876","ENSG00000271952","ENSG00000225255"
"ENSG00000233844","ENSG00000270472","ENSG00000116996"
"ENSG00000253203","ENSG00000266885","ENSG00000281809"
"ENSG00000219926","ENSG00000243290","ENSG00000259459"
"ENSG00000229703","ENSG00000276478","ENSG00000272154"
"ENSG00000275896","ENSG00000251664","ENSG00000258081"
"ENSG00000232760","ENSG00000174403","ENSG00000254417"
"ENSG00000139330","ENSG00000251546","ENSG00000169474"
"ENSG00000224260","ENSG00000243944","ENSG00000206073"
"ENSG00000277128","ENSG00000133020","ENSG00000123977"
"ENSG00000225206","ENSG00000187135","ENSG00000171804"
"ENSG00000138136","ENSG00000231324","ENSG00000228824"
"ENSG00000279770","ENSG00000196109","ENSG00000184459"
"ENSG00000238118","ENSG00000223931","ENSG00000277268"
"ENSG00000165643","ENSG00000151962","ENSG00000167769"
"ENSG00000251629","ENSG00000237212","ENSG00000006611"
"ENSG00000268606","ENSG00000264595","ENSG00000245662"
"ENSG00000267313","ENSG00000211978","ENSG00000082556"
"ENSG00000146352","ENSG00000249345","ENSG00000162624"
"ENSG00000258038","ENSG00000253936","ENSG00000224549"
"ENSG00000125207","ENSG00000251209","ENSG00000233844"
"ENSG00000128610","ENSG00000189108","ENSG00000248370"
"ENSG00000204790","ENSG00000244414","ENSG00000236985"
"ENSG00000264660","ENSG00000279479","ENSG00000129152"
"ENSG00000132972","ENSG00000253477","ENSG00000172867"
"ENSG00000264230","ENSG00000229854","ENSG00000183434"
"ENSG00000225376","ENSG00000264859","ENSG00000132975"
"ENSG00000084674","ENSG00000126890","ENSG00000233073"
"ENSG00000258417","ENSG00000182583","ENSG00000233515"
"ENSG00000277945","ENSG00000170367","ENSG00000122145"
"ENSG00000225764","ENSG00000250529","ENSG00000251039"
"ENSG00000249001","ENSG00000263635","ENSG00000172478"
"ENSG00000230432","ENSG00000128322","ENSG00000168418"
"ENSG00000253154","ENSG00000235615","ENSG00000250102"
"ENSG00000214107","ENSG00000211599","ENSG00000229876"
"ENSG00000040731","ENSG00000184139","ENSG00000228826"
"ENSG00000237790","ENSG00000173157","ENSG00000198354"
"ENSG00000180251","ENSG00000196990","ENSG00000084674"
"ENSG00000257495","ENSG00000230432","ENSG00000139304"
"ENSG00000279588","ENSG00000030304","ENSG00000229703"
"ENSG00000253164","ENSG00000259222","ENSG00000253818"
"ENSG00000228826","ENSG00000242599","ENSG00000267051"
"ENSG00000256481","ENSG00000152208","ENSG00000268879"
"ENSG00000225868","ENSG00000176165","ENSG00000214407"
"ENSG00000116996","ENSG00000267696","ENSG00000165583"
"ENSG00000111404","ENSG00000253818","ENSG00000274391"
"ENSG00000174016","ENSG00000254056","ENSG00000174403"
"ENSG00000152254","ENSG00000225328","ENSG00000248238"
"ENSG00000271892","ENSG00000255375","ENSG00000221957"
"ENSG00000167355","ENSG00000213244","ENSG00000189051"
"ENSG00000255375","ENSG00000242076","ENSG00000243290"
"ENSG00000249509","ENSG00000261761","ENSG00000260141"
"ENSG00000253967","ENSG00000165164","ENSG00000258314"
"ENSG00000165583","ENSG00000274928","ENSG00000186487"
"ENSG00000260073","ENSG00000146910","ENSG00000231171"
"ENSG00000228573","ENSG00000227757","ENSG00000255359"
"ENSG00000165164","ENSG00000120251","ENSG00000169126"
"ENSG00000272975","ENSG00000225775","ENSG00000248740"
"ENSG00000280623","ENSG00000278847","ENSG00000265190"
"ENSG00000280924","ENSG00000260075","ENSG00000140798"
"ENSG00000175497","ENSG00000236366","ENSG00000251629"
"ENSG00000258998","ENSG00000257904","ENSG00000180071"
"ENSG00000186439","ENSG00000155897","ENSG00000242147"
"ENSG00000226101","ENSG00000205628","ENSG00000186009"
"ENSG00000253467","ENSG00000232242","ENSG00000279597"
"ENSG00000251138","ENSG00000215452","ENSG00000227471"
"ENSG00000105388","ENSG00000263503","ENSG00000104237"
"ENSG00000227925","ENSG00000174016","ENSG00000243944"
"ENSG00000206159","ENSG00000251182","ENSG00000255733"
"ENSG00000241859","ENSG00000261821","ENSG00000250241"
"ENSG00000251182","ENSG00000204296","ENSG00000176515"
"ENSG00000196415","ENSG00000182255","ENSG00000229854"
"ENSG00000102021","ENSG00000277945","ENSG00000234068"
"ENSG00000172179","ENSG00000225280","ENSG00000257056"
"ENSG00000159398","ENSG00000134365","ENSG00000125571"
"ENSG00000233221","ENSG00000251039","ENSG00000181092"
"ENSG00000242948","ENSG00000251539","ENSG00000211611"
"ENSG00000178235","ENSG00000281196","ENSG00000235054"
"ENSG00000155070","ENSG00000211725","ENSG00000227925"
"ENSG00000272163","ENSG00000270038","ENSG00000136688"
"ENSG00000125813","ENSG00000236663","ENSG00000182077"
"ENSG00000142273","ENSG00000272975","ENSG00000146910"
"ENSG00000226141","ENSG00000196104","ENSG00000272975"
"ENSG00000109205","ENSG00000240298","ENSG00000227487"
"ENSG00000225930","ENSG00000242580","ENSG00000174950"
"ENSG00000189186","ENSG00000251363","ENSG00000251226"
"ENSG00000258831","ENSG00000242268","ENSG00000258240"
"ENSG00000234373","ENSG00000261305","ENSG00000130701"
"ENSG00000237515","ENSG00000276758","ENSG00000198033"
"ENSG00000258081","ENSG00000249395","ENSG00000134765"
"ENSG00000236740","ENSG00000225206","ENSG00000090512"
"ENSG00000256560","ENSG00000140835","ENSG00000228835"
"ENSG00000169059","ENSG00000230834","ENSG00000257842"
"ENSG00000155052","ENSG00000172995","ENSG00000204941"
"ENSG00000260611","ENSG00000236069","ENSG00000237743"
"ENSG00000175229","ENSG00000275896","ENSG00000145192"
"ENSG00000235054","ENSG00000277282","ENSG00000187268"
"ENSG00000106541","ENSG00000158639","ENSG00000184856"
"ENSG00000180347","ENSG00000134612","ENSG00000275874"
"ENSG00000251129","ENSG00000260230","ENSG00000225775"
"ENSG00000253117","ENSG00000255394","ENSG00000145808"
"ENSG00000259786","ENSG00000119919","ENSG00000254656"
"ENSG00000239739","ENSG00000228549","ENSG00000237223"
"ENSG00000182040","ENSG00000249948","ENSG00000255983"
"ENSG00000186442","ENSG00000116996","ENSG00000271892"
"ENSG00000236197","ENSG00000255733","ENSG00000226562"
"ENSG00000118733","ENSG00000255433","ENSG00000233221"
"ENSG00000233073","ENSG00000231331","ENSG00000204296"
"ENSG00000180178","ENSG00000092377","ENSG00000136750"
"ENSG00000273132","ENSG00000248771","ENSG00000258636"
"ENSG00000250038","ENSG00000112175","ENSG00000245832"
"ENSG00000257636","ENSG00000197934","ENSG00000168124"
"ENSG00000250366","ENSG00000125414","ENSG00000181234"
"ENSG00000163737","ENSG00000231236","ENSG00000068985"
"ENSG00000250125","ENSG00000229404","ENSG00000196990"
"ENSG00000248740","ENSG00000259518","ENSG00000228570"
"ENSG00000264424","ENSG00000253883","ENSG00000259786"
"ENSG00000140481","ENSG00000253164","ENSG00000215580"
"ENSG00000229962","ENSG00000225868","ENSG00000182585"
"ENSG00000165509","ENSG00000241859","ENSG00000204603"
"ENSG00000261538","ENSG00000226476","ENSG00000278054"
"ENSG00000229142","ENSG00000214407","ENSG00000225868"
"ENSG00000078898","ENSG00000139330","ENSG00000229743"
"ENSG00000259518","ENSG00000248763","ENSG00000234998"
"ENSG00000162624","ENSG00000213931","ENSG00000255239"
"ENSG00000233070","ENSG00000163497","ENSG00000211904"
"ENSG00000241098","ENSG00000203859","ENSG00000257636"
"ENSG00000274391","ENSG00000156395","ENSG00000111404"
"ENSG00000229131","ENSG00000204894","ENSG00000186207"
"ENSG00000229236","ENSG00000231561","ENSG00000065609"
"ENSG00000227128","ENSG00000224417","ENSG00000258770"
"ENSG00000277268","ENSG00000211957","ENSG00000230937"
"ENSG00000225775","ENSG00000255359","ENSG00000229246"
"ENSG00000261502","ENSG00000235532","ENSG00000138271"
"ENSG00000113430","ENSG00000236197","ENSG00000155622"
"ENSG00000260268","ENSG00000223634","ENSG00000155070"
"ENSG00000122145","ENSG00000176566","ENSG00000129455"
"ENSG00000119919","ENSG00000267389","ENSG00000225128"
"ENSG00000271952","ENSG00000196415","ENSG00000182352"
"ENSG00000114638","ENSG00000253967","ENSG00000078898"
"ENSG00000235454","ENSG00000243810","ENSG00000229131"
"ENSG00000248370","ENSG00000163586","ENSG00000258932"
"ENSG00000263503","ENSG00000165643","ENSG00000156564"
"ENSG00000225546","ENSG00000235054","ENSG00000196415"
"ENSG00000231776","ENSG00000102290","ENSG00000258654"
"ENSG00000204849","ENSG00000244681","ENSG00000009709"
"ENSG00000204421","ENSG00000253117","ENSG00000259337"
"ENSG00000253898","ENSG00000204790","ENSG00000267922"
"ENSG00000205667","ENSG00000154611","ENSG00000197934"
"ENSG00000179073","ENSG00000171557","ENSG00000129170"
"ENSG00000189108","ENSG00000255980","ENSG00000255980"
"ENSG00000204876","ENSG00000249506","ENSG00000235532"
"ENSG00000224853","ENSG00000099399","ENSG00000251372"
"ENSG00000153802","ENSG00000156009","ENSG00000248329"
"ENSG00000229621","ENSG00000253203","ENSG00000171557"
"ENSG00000279711","ENSG00000278971","ENSG00000231062"
"ENSG00000184672","ENSG00000142515","ENSG00000179059"
"ENSG00000235615","ENSG00000146166","ENSG00000184139"
"ENSG00000184459","ENSG00000197595","ENSG00000263639"
"ENSG00000186009","ENSG00000228573","ENSG00000184845"
"ENSG00000232294","ENSG00000140015","ENSG00000241859"
"ENSG00000249815","ENSG00000211814","ENSG00000273367"
"ENSG00000268883","ENSG00000140798","ENSG00000270980"
"ENSG00000101204","ENSG00000269067","ENSG00000231401"
"ENSG00000235378","ENSG00000251056","ENSG00000277357"
"ENSG00000224045","ENSG00000226530","ENSG00000102290"
"ENSG00000258240","ENSG00000259666","ENSG00000153820"
"ENSG00000163499","ENSG00000254031","ENSG00000205649"
"ENSG00000119913","ENSG00000264660","ENSG00000166828"
"ENSG00000267793","ENSG00000254919","ENSG00000226057"
"ENSG00000260658","ENSG00000253545","ENSG00000228286"
"ENSG00000188089","ENSG00000250919","ENSG00000170367"
"ENSG00000182352","ENSG00000226053","ENSG00000079689"
"ENSG00000228570","ENSG00000183434","ENSG00000264660"
"ENSG00000168143","ENSG00000233844","ENSG00000211957"
"ENSG00000248869","ENSG00000119913","ENSG00000182111"
"ENSG00000203859","ENSG00000155070","ENSG00000180251"
"ENSG00000169064","ENSG00000218725","ENSG00000233143"
"ENSG00000224549","ENSG00000145808","ENSG00000211599"
"ENSG00000204941","ENSG00000218772","ENSG00000204876"
"ENSG00000165061","ENSG00000258927","ENSG00000183668"
"ENSG00000174914","ENSG00000174957","ENSG00000249727"
"ENSG00000259666","ENSG00000215580","ENSG00000270937"
"ENSG00000275016","ENSG00000260802","ENSG00000211805"
"ENSG00000164438","ENSG00000269964","ENSG00000178372"
"ENSG00000169469","ENSG00000248498","ENSG00000248771"
"ENSG00000204072","ENSG00000253364","ENSG00000174156"
"ENSG00000177910","ENSG00000253234","ENSG00000198889"
"ENSG00000152785","ENSG00000147246","ENSG00000176566"
"ENSG00000228286","ENSG00000279711","ENSG00000114771"
"ENSG00000213130","ENSG00000249413","ENSG00000234460"
"ENSG00000223548","ENSG00000139800","ENSG00000162891"
"ENSG00000229743","ENSG00000227195","ENSG00000232451"
"ENSG00000183729","ENSG00000260788","ENSG00000273906"
"ENSG00000118972","ENSG00000211979","ENSG00000229236"
"ENSG00000264595","ENSG00000169064","ENSG00000232294"
"ENSG00000258932","ENSG00000248174","ENSG00000251138"
"ENSG00000250874","ENSG00000258807","ENSG00000280924"
"ENSG00000230563","ENSG00000181092","ENSG00000260454"
"ENSG00000167757","ENSG00000238118","ENSG00000274879"
"ENSG00000268879","ENSG00000159763","ENSG00000185303"
"ENSG00000241794","ENSG00000270937","ENSG00000109182"
"ENSG00000174950","ENSG00000225128","ENSG00000166006"
"ENSG00000253569","ENSG00000235026","ENSG00000226917"
"ENSG00000250682","ENSG00000229769","ENSG00000253898"
"ENSG00000235049","ENSG00000260518","ENSG00000237790"
"ENSG00000154975","ENSG00000263618","ENSG00000125850"
"ENSG00000169900","ENSG00000271390","ENSG00000030304"
"ENSG00000271766","ENSG00000224294","ENSG00000253477"
"ENSG00000239939","ENSG00000251578","ENSG00000166049"
"ENSG00000260454","ENSG00000230481","ENSG00000218772"
"ENSG00000218725","ENSG00000175229","ENSG00000258831"
"ENSG00000168418","ENSG00000040731","ENSG00000137675"
"ENSG00000224141","ENSG00000241104","ENSG00000162670"
"ENSG00000139800","ENSG00000275418","ENSG00000205293"
"ENSG00000204962","ENSG00000253691","ENSG00000277737"
"ENSG00000174403","ENSG00000229142","ENSG00000140274"
"ENSG00000258770","ENSG00000176746","ENSG00000114638"
"ENSG00000187135","ENSG00000104237","ENSG00000182816"
"ENSG00000057149","ENSG00000224045","ENSG00000183729"
"ENSG00000228824","ENSG00000259490","ENSG00000232743"
"ENSG00000203864","ENSG00000231776","ENSG00000251165"
"ENSG00000242828","ENSG00000271569","ENSG00000231324"
"ENSG00000166049","ENSG00000226917","ENSG00000254768"
"ENSG00000261821","ENSG00000204544","ENSG00000229962"
"ENSG00000279042","ENSG00000228826","ENSG00000238269"
"ENSG00000241439","ENSG00000255569","ENSG00000250829"
"ENSG00000232508","ENSG00000253742","ENSG00000250919"
"ENSG00000153294","ENSG00000253661","ENSG00000211978"
"ENSG00000237265","ENSG00000211654","ENSG00000204072"
"ENSG00000236345","ENSG00000224549","ENSG00000240298"
"ENSG00000264859","ENSG00000251517","ENSG00000233070"
"ENSG00000187527","ENSG00000259680","ENSG00000266200"
"ENSG00000168124","ENSG00000236345","ENSG00000177910"
"ENSG00000149972","ENSG00000124253","ENSG00000164616"
"ENSG00000244681","ENSG00000157502","ENSG00000274928"
"ENSG00000257842","ENSG00000250102","ENSG00000256209"
"ENSG00000233143","ENSG00000162897","ENSG00000152785"
"ENSG00000236663","ENSG00000124260","ENSG00000225280"
"ENSG00000260230","ENSG00000224607","ENSG00000218725"
"ENSG00000198797","ENSG00000234768","ENSG00000267793"
"ENSG00000189064","ENSG00000229151","ENSG00000267389"
"ENSG00000162891","ENSG00000248869","ENSG00000230563"
"ENSG00000259929","ENSG00000236816","ENSG00000267760"
"ENSG00000172478","ENSG00000225523","ENSG00000164532"
"ENSG00000269043","ENSG00000253481","ENSG00000263551"
"ENSG00000226057","ENSG00000229621","ENSG00000234056"
"ENSG00000248837","ENSG00000281128","ENSG00000169393"
"ENSG00000278840","ENSG00000237849","ENSG00000251517"
"ENSG00000178934","ENSG00000143194","ENSG00000230834"
"ENSG00000272154","ENSG00000268869","ENSG00000263503"
"ENSG00000047936","ENSG00000258770","ENSG00000259692"
"ENSG00000213244","ENSG00000204876","ENSG00000172782"
"ENSG00000257904","ENSG00000246084","ENSG00000232560"
"ENSG00000235029","ENSG00000152785","ENSG00000242828"
"ENSG00000183668","ENSG00000244116","ENSG00000174957"
"ENSG00000183305","ENSG00000211633","ENSG00000255020"
"ENSG00000268307","ENSG00000251372","ENSG00000239939"
"ENSG00000203782","ENSG00000235454","ENSG00000276758"
"ENSG00000261020","ENSG00000279770","ENSG00000187054"
"ENSG00000176571","ENSG00000254768","ENSG00000236663"
"ENSG00000177108","ENSG00000251026","ENSG00000233080"
"ENSG00000251273","ENSG00000250658","ENSG00000236485"
"ENSG00000176515","ENSG00000109205","ENSG00000234768"
"ENSG00000254302","ENSG00000277737","ENSG00000211891"
"ENSG00000260978","ENSG00000226004","ENSG00000242371"
"ENSG00000159337","ENSG00000260653","ENSG00000175229"
"ENSG00000107807","ENSG00000091583","ENSG00000250535"
"ENSG00000242147","ENSG00000132972","ENSG00000266560"
"ENSG00000187855","ENSG00000198054","ENSG00000212724"
"ENSG00000182255","ENSG00000169059","ENSG00000234352"
"ENSG00000226053","ENSG00000234948","ENSG00000189433"
"ENSG00000226917","ENSG00000253451","ENSG00000280623"
"ENSG00000182816","ENSG00000176571","ENSG00000281196"
"ENSG00000166828","ENSG00000230863","ENSG00000244681"
"ENSG00000184856","ENSG00000185247","ENSG00000258785"
"ENSG00000278971","ENSG00000236985","ENSG00000187135"
"ENSG00000251518","ENSG00000167355","ENSG00000130700"
"ENSG00000177551","ENSG00000000005","ENSG00000165509"
"ENSG00000185303","ENSG00000269793","ENSG00000258592"
"ENSG00000253477","ENSG00000233754","ENSG00000230096"
"ENSG00000254031","ENSG00000233070","ENSG00000258038"
"ENSG00000185352","ENSG00000277030","ENSG00000236816"
"ENSG00000250829","ENSG00000211593","ENSG00000237070"
"ENSG00000223634","ENSG00000275016","ENSG00000226580"
"ENSG00000279379","ENSG00000234184","ENSG00000275016"
"ENSG00000281128","ENSG00000260975","ENSG00000248763"
"ENSG00000231171","ENSG00000253120","ENSG00000165061"
"ENSG00000255239","ENSG00000147381","ENSG00000259977"
"ENSG00000122584","ENSG00000273119","ENSG00000140835"
"ENSG00000261116","ENSG00000111262","ENSG00000248138"
"ENSG00000273119","ENSG00000183242","ENSG00000118434"
"ENSG00000205293","ENSG00000251129","ENSG00000211667"
"ENSG00000224294","ENSG00000065609","ENSG00000259664"
"ENSG00000240298","ENSG00000258636","ENSG00000109205"
"ENSG00000178363","ENSG00000198354","ENSG00000203877"
"ENSG00000225107","ENSG00000211676","ENSG00000163424"
"ENSG00000274928","ENSG00000197476","ENSG00000134193"
"ENSG00000254656","ENSG00000145526","ENSG00000203786"
"ENSG00000218772","ENSG00000233143","ENSG00000189064"
"ENSG00000197595","ENSG00000272154","ENSG00000256463"
"ENSG00000235902","ENSG00000279588","ENSG00000213244"
"ENSG00000250919","ENSG00000162624","ENSG00000275216"
"ENSG00000143536","ENSG00000227487","ENSG00000237330"
"ENSG00000250102","ENSG00000230563","ENSG00000226141"
"ENSG00000125285","ENSG00000270864","ENSG00000205642"
"ENSG00000169474","ENSG00000187690","ENSG00000253967"
"ENSG00000254256","ENSG00000185352","ENSG00000172551"
"ENSG00000232451","ENSG00000234575","ENSG00000281591"
"ENSG00000232401","ENSG00000140481","ENSG00000159516"
"ENSG00000242268","ENSG00000183668","ENSG00000229970"
"ENSG00000239268","ENSG00000248131","ENSG00000188403"
"ENSG00000234352","ENSG00000129152","ENSG00000178172"
"ENSG00000205777","ENSG00000253998","ENSG00000205359"
"ENSG00000145192","ENSG00000233732","ENSG00000251129"
"ENSG00000166006","ENSG00000078898","ENSG00000237949"
"ENSG00000237070","ENSG00000267793","ENSG00000250038"
"ENSG00000170426","ENSG00000118972","ENSG00000255569"
"ENSG00000248138","ENSG00000182447","ENSG00000253274"
"ENSG00000255042","ENSG00000253239","ENSG00000166211"
"ENSG00000241224","ENSG00000250829","ENSG00000235343"
"ENSG00000231324","ENSG00000153820","ENSG00000159398"
"ENSG00000254768","ENSG00000197549","ENSG00000197595"
"ENSG00000248763","ENSG00000278857","ENSG00000258902"
"ENSG00000273906","ENSG00000189229","ENSG00000166736"
"ENSG00000278054","ENSG00000122584","ENSG00000169271"
"ENSG00000227487","ENSG00000106536","ENSG00000232508"
"ENSG00000255298","ENSG00000126549","ENSG00000225546"
"ENSG00000114771","ENSG00000211749","ENSG00000100078"
"ENSG00000205649","ENSG00000160505","ENSG00000267382"
"ENSG00000123977","ENSG00000198889","ENSG00000118972"
"ENSG00000227712","ENSG00000251518","ENSG00000257869"
"ENSG00000178372","ENSG00000277693","ENSG00000109101"
"ENSG00000180332","ENSG00000276972","ENSG00000249803"
"ENSG00000205642","ENSG00000229246","ENSG00000205777"
"ENSG00000203785","ENSG00000229407","ENSG00000142515"
"ENSG00000172551","ENSG00000229236","ENSG00000254302"
"ENSG00000163736","ENSG00000136750","ENSG00000109193"
"ENSG00000272046","ENSG00000245832","ENSG00000205488"
"ENSG00000006611","ENSG00000233215","ENSG00000253569"
"ENSG00000233754","ENSG00000079689","ENSG00000244094"
"ENSG00000184302","ENSG00000250535","ENSG00000260073"
"ENSG00000169393","ENSG00000277128","ENSG00000204949"
"ENSG00000268104","ENSG00000225417","ENSG00000228528"
"ENSG00000137440","ENSG00000251138","ENSG00000259724"
"ENSG00000267922","ENSG00000268606","ENSG00000189299"
"ENSG00000255983","ENSG00000211816","ENSG00000227531"
"ENSG00000163218","ENSG00000238269","ENSG00000231100"
"ENSG00000163424","ENSG00000188729","ENSG00000250658"
"ENSG00000229854","ENSG00000250682","ENSG00000254174"
"ENSG00000269376","ENSG00000250241","ENSG00000268964"
"ENSG00000101441","ENSG00000178235","ENSG00000204544"
"ENSG00000224960","ENSG00000266602","ENSG00000171402"
"ENSG00000259459","ENSG00000156150","ENSG00000249815"
"ENSG00000184995","ENSG00000267327","ENSG00000251273"
"ENSG00000231401","ENSG00000253500","ENSG00000122859"
"ENSG00000140798","ENSG00000118526","ENSG00000238271"
"ENSG00000237743","ENSG00000146151","ENSG00000230387"
"ENSG00000268964","ENSG00000227531","ENSG00000229621"
"ENSG00000126549","ENSG00000254326","ENSG00000255866"
"ENSG00000181433","ENSG00000230707","ENSG00000267413"
"ENSG00000259692","ENSG00000187268","ENSG00000146151"
"ENSG00000277357","ENSG00000228286","ENSG00000258115"
"ENSG00000279597","ENSG00000255866","ENSG00000135374"
"ENSG00000197641","ENSG00000205649","ENSG00000211814"
"ENSG00000260141","ENSG00000245662","ENSG00000225107"
"ENSG00000270495","ENSG00000253132","ENSG00000225849"
"ENSG00000171557","ENSG00000258654","ENSG00000184330"
"ENSG00000142515","ENSG00000271766","ENSG00000265717"
"ENSG00000255866","ENSG00000231401","ENSG00000156150"
"ENSG00000230707","ENSG00000189186","ENSG00000126549"
"ENSG00000245832","ENSG00000224585","ENSG00000273840"
"ENSG00000132975","ENSG00000225849","ENSG00000250590"
"ENSG00000169035","ENSG00000205642","ENSG00000223931"
"ENSG00000125571","ENSG00000165061","ENSG00000260975"
"ENSG00000225255","ENSG00000009709","ENSG00000229769"
"ENSG00000267389","ENSG00000232401","ENSG00000279379"
"ENSG00000255359","ENSG00000253460","ENSG00000229967"
"ENSG00000239572","ENSG00000274172","ENSG00000188624"
"ENSG00000264956","ENSG00000236485","ENSG00000182447"
"ENSG00000248347","ENSG00000241566","ENSG00000188373"
"ENSG00000225328","ENSG00000228476","ENSG00000227712"
"ENSG00000235749","ENSG00000204849","ENSG00000234756"
"ENSG00000258902","ENSG00000267382","ENSG00000250874"
"ENSG00000267413","ENSG00000187172","ENSG00000267327"
"ENSG00000156564","ENSG00000250038","ENSG00000239572"
"ENSG00000248663","ENSG00000163424","ENSG00000255298"
"ENSG00000232353","ENSG00000101441","ENSG00000260673"
"ENSG00000230387","ENSG00000168418","ENSG00000204020"
"ENSG00000274879","ENSG00000156269","ENSG00000108242"
"ENSG00000232560","ENSG00000253497","ENSG00000237914"
"ENSG00000225849","ENSG00000130368","ENSG00000224045"
"ENSG00000235343","ENSG00000268861","ENSG00000250529"
"ENSG00000125850","ENSG00000269043","ENSG00000257495"
"ENSG00000146910","ENSG00000259664","ENSG00000101441"
"ENSG00000205488","ENSG00000166006","ENSG00000254056"
"ENSG00000265190","ENSG00000248347","ENSG00000253691"
"ENSG00000197934","ENSG00000239975","ENSG00000166869"
"ENSG00000212724","ENSG00000162670","ENSG00000211816"
"ENSG00000231100","ENSG00000183305","ENSG00000250954"
"ENSG00000237787","ENSG00000211656","ENSG00000205076"
"ENSG00000234756","ENSG00000264956","ENSG00000092377"
"ENSG00000233080","ENSG00000223609","ENSG00000214107"
"ENSG00000280180","ENSG00000253131","ENSG00000164485"
"ENSG00000136688","ENSG00000261020","ENSG00000278263"
"ENSG00000253584","ENSG00000253898","ENSG00000266736"
"ENSG00000234056","ENSG00000229970","ENSG00000260878"
"ENSG00000112246","ENSG00000253247","ENSG00000196344"
"ENSG00000255020","ENSG00000233073","ENSG00000231937"
"ENSG00000163497","ENSG00000259692","ENSG00000134240"
"ENSG00000281591","ENSG00000263711","ENSG00000170486"
"ENSG00000251539","ENSG00000180178","ENSG00000204175"
"ENSG00000263618","ENSG00000232023","ENSG00000096006"
"ENSG00000229970","ENSG00000270467","ENSG00000163586"
"ENSG00000234460","ENSG00000279516","ENSG00000259098"
"ENSG00000256209","ENSG00000122859","ENSG00000233754"
"ENSG00000228476","ENSG00000228325","ENSG00000181433"
"ENSG00000138271","ENSG00000260141","ENSG00000246084"
"ENSG00000167754","ENSG00000164532","ENSG00000228476"
"ENSG00000105141","ENSG00000248103","ENSG00000128322"
"ENSG00000130700","ENSG00000211672","ENSG00000259123"
"ENSG00000279924","ENSG00000254046","ENSG00000242766"
"ENSG00000204020","ENSG00000165509","ENSG00000248663"
"ENSG00000204603","ENSG00000264424","ENSG00000235493"
"ENSG00000258636","ENSG00000253709","ENSG00000241168"
"ENSG00000260289","ENSG00000225107","ENSG00000186474"
"ENSG00000189023","ENSG00000254337","ENSG00000184995"
"ENSG00000232023","ENSG00000280623","ENSG00000164129"
"ENSG00000250535","ENSG00000253957","ENSG00000279565"
"ENSG00000258785","ENSG00000211905","ENSG00000255042"
"ENSG00000226562","ENSG00000226057","ENSG00000250385"
"ENSG00000159763","ENSG00000164129","ENSG00000264956"
"ENSG00000232765","ENSG00000258240","ENSG00000169900"
"ENSG00000258028","ENSG00000258548","ENSG00000225328"
"ENSG00000129170","ENSG00000129170","ENSG00000225417"
"ENSG00000156150","ENSG00000155622","ENSG00000260265"
"ENSG00000231476","ENSG00000214107","ENSG00000232023"
"ENSG00000182585","ENSG00000258115","ENSG00000248837"
"ENSG00000189433","ENSG00000251226","ENSG00000277030"
"ENSG00000224417","ENSG00000231100","ENSG00000211749"
"ENSG00000179059","ENSG00000248837","ENSG00000272046"
"ENSG00000182111","ENSG00000127928","ENSG00000224141"
"ENSG00000241168","ENSG00000197794","ENSG00000253936"
"ENSG00000249727","ENSG00000232294","ENSG00000230707"
"ENSG00000281196","ENSG00000255983","ENSG00000234184"
"ENSG00000273840","ENSG00000251273","ENSG00000159763"
"ENSG00000275874","ENSG00000228966","ENSG00000237787"
"ENSG00000248174","ENSG00000218048","ENSG00000171403"
"ENSG00000109101","ENSG00000258081","ENSG00000275418"
"ENSG00000248329","ENSG00000261350","ENSG00000250366"
"ENSG00000187054","ENSG00000259977","ENSG00000169509"
"ENSG00000238271","ENSG00000205293","ENSG00000271130"
"ENSG00000250954","ENSG00000267760","ENSG00000229142"
"ENSG00000204894","ENSG00000182352","ENSG00000250456"
"ENSG00000230834","ENSG00000006611","ENSG00000204894"
"ENSG00000206073","ENSG00000149972","ENSG00000229613"
"ENSG00000258592","ENSG00000254656","ENSG00000267284"
"ENSG00000079689","ENSG00000102021","ENSG00000270472"
"ENSG00000277737","ENSG00000248370","ENSG00000263618"
"ENSG00000226580","ENSG00000235749","ENSG00000224417"
"ENSG00000104237","ENSG00000261274","ENSG00000158786"
"ENSG00000174957","ENSG00000250366","ENSG00000185390"
"ENSG00000232743","ENSG00000179073","ENSG00000264734"
"ENSG00000130701","ENSG00000248783","ENSG00000280180"
"ENSG00000260062","ENSG00000270980","ENSG00000231532"
"ENSG00000164532","ENSG00000274879","ENSG00000260062"
"ENSG00000171402","ENSG00000253301","ENSG00000232353"
"ENSG00000230937","ENSG00000253291","ENSG00000279973"
"ENSG00000082556","ENSG00000233080","ENSG00000270495"
"ENSG00000225280","ENSG00000268964","ENSG00000196734"
"ENSG00000254417","ENSG00000231476","ENSG00000224960"
"ENSG00000090512","ENSG00000261834","ENSG00000203783"
"ENSG00000225128","ENSG00000231171","ENSG00000145879"
"ENSG00000229967","ENSG00000268080","ENSG00000255372"
"ENSG00000263639","ENSG00000275158","ENSG00000271178"
"ENSG00000176566","ENSG00000237914","ENSG00000101292"
"ENSG00000260153","ENSG00000257056","ENSG00000091583"
"ENSG00000259724","ENSG00000261704","ENSG00000260289"
"ENSG00000204175","ENSG00000256209","ENSG00000231331"
"ENSG00000174156","ENSG00000211720","ENSG00000163202"
"ENSG00000261350","ENSG00000082556","ENSG00000241224"
"ENSG00000258314","ENSG00000253441","ENSG00000259490"
"ENSG00000234426","ENSG00000204670","ENSG00000211725"
"ENSG00000237653","ENSG00000169551","ENSG00000279924"
"ENSG00000279973","ENSG00000241168","ENSG00000260458"
"ENSG00000263551","ENSG00000261046","ENSG00000253584"
"ENSG00000204544","ENSG00000234068","ENSG00000242580"
"ENSG00000236816","ENSG00000235343","ENSG00000253364"
"ENSG00000227101","ENSG00000185390","ENSG00000232401"
"ENSG00000155622","ENSG00000203877","ENSG00000273119"
"ENSG00000145808","ENSG00000241224","ENSG00000267978"
"ENSG00000266200","ENSG00000255429","ENSG00000175121"
"ENSG00000162670","ENSG00000263413","ENSG00000170054"
"ENSG00000251165","ENSG00000258314","ENSG00000248347"
"ENSG00000203877","ENSG00000068985","ENSG00000253545"
"ENSG00000235493","ENSG00000211647","ENSG00000237111"
"ENSG00000270937","ENSG00000265417","ENSG00000259929"
"ENSG00000153820","ENSG00000250385","ENSG00000259680"
"ENSG00000260761","ENSG00000204603","ENSG00000204539"
"ENSG00000230328","ENSG00000272046","ENSG00000253120"
"ENSG00000189299","ENSG00000229613","ENSG00000237653"
"ENSG00000135374","ENSG00000265929","ENSG00000266743"
"ENSG00000134240","ENSG00000257495","ENSG00000253467"
"ENSG00000166869","ENSG00000234460","ENSG00000258028"
"ENSG00000237330","ENSG00000232451","ENSG00000226846"
"ENSG00000129455","ENSG00000186487","ENSG00000139144"
"ENSG00000227471","ENSG00000230096","ENSG00000234426"
"ENSG00000186207","ENSG00000198033","ENSG00000180053"
"ENSG00000234768","ENSG00000139304","ENSG00000197353"
"ENSG00000255372","ENSG00000181433","ENSG00000230328"
"ENSG00000260265","ENSG00000248238","ENSG00000126233"
"ENSG00000140274","ENSG00000226141","ENSG00000163218"
"ENSG00000248771","ENSG00000248515","ENSG00000197549"
"ENSG00000237949","ENSG00000280180","ENSG00000211665"
"ENSG00000266560","ENSG00000177910","ENSG00000211654"
"ENSG00000255433","ENSG00000211930","ENSG00000155918"
"ENSG00000092377","ENSG00000166211","ENSG00000253998"
"ENSG00000125998","ENSG00000229876","ENSG00000240040"
"ENSG00000256463","ENSG00000254098","ENSG00000277282"
"ENSG00000257056","ENSG00000197888","ENSG00000188293"
"ENSG00000244094","ENSG00000260878","ENSG00000275011"
"ENSG00000258115","ENSG00000258831","ENSG00000225523"
"ENSG00000121388","ENSG00000267978","ENSG00000223609"
"ENSG00000198889","ENSG00000251629","ENSG00000260153"
"ENSG00000281809","ENSG00000227101","ENSG00000253883"
"ENSG00000259123","ENSG00000244620","ENSG00000211593"
"ENSG00000158786","ENSG00000237743","ENSG00000237265"
"ENSG00000265717","ENSG00000184856","ENSG00000261350"
"ENSG00000185390","ENSG00000248138","ENSG00000275896"
"ENSG00000260975","ENSG00000224141","ENSG00000197084"
"ENSG00000159516","ENSG00000260978","ENSG00000094796"
"ENSG00000250590","ENSG00000257275","ENSG00000196805"
"ENSG00000249803","ENSG00000258592","ENSG00000231476"
"ENSG00000250529","ENSG00000211661","ENSG00000241566"
"ENSG00000136750","ENSG00000265717","ENSG00000178597"
"ENSG00000100078","ENSG00000211674","ENSG00000187855"
"ENSG00000096006","ENSG00000225255","ENSG00000227101"
"ENSG00000250241","ENSG00000259836","ENSG00000269729"
"ENSG00000259836","ENSG00000242534","ENSG00000251546"
"ENSG00000267760","ENSG00000253569","ENSG00000259836"
"ENSG00000172782","ENSG00000134193","ENSG00000278857"
"ENSG00000228528","ENSG00000267413","ENSG00000189023"
"ENSG00000225417","ENSG00000250954","ENSG00000271375"
"ENSG00000109193","ENSG00000235493","ENSG00000131737"
"ENSG00000226846","ENSG00000259098","ENSG00000231431"
"ENSG00000180053","ENSG00000277357","ENSG00000215853"
"ENSG00000204949","ENSG00000249803","ENSG00000257275"
"ENSG00000236485","ENSG00000171402","ENSG00000274172"
"ENSG00000267327","ENSG00000260153","ENSG00000211676"
"ENSG00000231431","ENSG00000211924","ENSG00000251578"
"ENSG00000260673","ENSG00000251165","ENSG00000162040"
"ENSG00000163586","ENSG00000182111","ENSG00000261274"
"ENSG00000118434","ENSG00000239572","ENSG00000242076"
"ENSG00000266736","ENSG00000189064","ENSG00000253451"
"ENSG00000259664","ENSG00000229703","ENSG00000179073"
"ENSG00000203783","ENSG00000113327","ENSG00000211979"
"ENSG00000009709","ENSG00000248571","ENSG00000275158"
"ENSG00000266743","ENSG00000187772","ENSG00000211633"
"ENSG00000259098","ENSG00000231532","ENSG00000203782"
"ENSG00000257869","ENSG00000260761","ENSG00000168703"
"ENSG00000205359","ENSG00000265612","ENSG00000224607"
"ENSG00000108242","ENSG00000258038","ENSG00000271569"
"ENSG00000235026","ENSG00000250874","ENSG00000163518"
"ENSG00000171405","ENSG00000225546","ENSG00000232765"
"ENSG00000275216","ENSG00000226846","ENSG00000159527"
"ENSG00000259977","ENSG00000230328","ENSG00000171405"
"ENSG00000267382","ENSG00000237070","ENSG00000269586"
"ENSG00000231937","ENSG00000232508","ENSG00000211720"
"ENSG00000261274","ENSG00000264781","ENSG00000268861"
"ENSG00000182447","ENSG00000259724","ENSG00000260761"
"ENSG00000196344","ENSG00000255298","ENSG00000211647"
"ENSG00000250456","ENSG00000259929","ENSG00000197888"
"ENSG00000145879","ENSG00000260062","ENSG00000276850"
"ENSG00000231532","ENSG00000255372","ENSG00000197953"
"ENSG00000264734","ENSG00000239571","ENSG00000189182"
"ENSG00000178172","ENSG00000255042","ENSG00000261046"
"ENSG00000230096","ENSG00000166049","ENSG00000253239"
"ENSG00000091583","ENSG00000257636","ENSG00000244116"
"ENSG00000188373","ENSG00000233515","ENSG00000166634"
"ENSG00000267284","ENSG00000263551","ENSG00000253481"
"ENSG00000170454","ENSG00000224960","ENSG00000253742"
"ENSG00000261046","ENSG00000279565","ENSG00000248571"
"ENSG00000186474","ENSG00000234352","ENSG00000240386"
"ENSG00000260458","ENSG00000266560","ENSG00000253291"
"ENSG00000131737","ENSG00000101292","ENSG00000253132"
"ENSG00000267978","ENSG00000259786","ENSG00000186844"
"ENSG00000260878","ENSG00000278630","ENSG00000254046"
"ENSG00000169271","ENSG00000254302","ENSG00000211656"
"ENSG00000203786","ENSG00000171405","ENSG00000224585"
"ENSG00000137675","ENSG00000189299","ENSG00000269741"
"ENSG00000109182","ENSG00000164616","ENSG00000121388"
"ENSG00000204539","ENSG00000253584","ENSG00000253234"
"ENSG00000269586","ENSG00000270495","ENSG00000253131"
"ENSG00000184330","ENSG00000258785","ENSG00000171711"
"ENSG00000175121","ENSG00000231431","ENSG00000263413"
"ENSG00000162040","ENSG00000264734","ENSG00000197476"
"ENSG00000215853","ENSG00000266736","ENSG00000185966"
"ENSG00000171403","ENSG00000234426","ENSG00000253497"
"ENSG00000197084","ENSG00000118434","ENSG00000172155"
"ENSG00000196805","ENSG00000184029","ENSG00000188100"
"ENSG00000250385","ENSG00000232743","ENSG00000112494"
"ENSG00000197953","ENSG00000180053","ENSG00000270467"
"ENSG00000269729","ENSG00000229131","ENSG00000253709"
"ENSG00000196734","ENSG00000259123","ENSG00000270864"
"ENSG00000197353","ENSG00000249815","ENSG00000211905"
"ENSG00000188624","ENSG00000253467","ENSG00000253957"
"ENSG00000164616","ENSG00000274391","ENSG00000230481"
"ENSG00000126233","ENSG00000279379","ENSG00000253441"
"ENSG00000163202","ENSG00000258932","ENSG00000254326"
"ENSG00000168703","ENSG00000260289","ENSG00000239571"
"ENSG00000205076","ENSG00000267284","ENSG00000244620"
"ENSG00000139144","ENSG00000205777","ENSG00000261834"
"ENSG00000094796","ENSG00000266743","ENSG00000265929"
"ENSG00000169509","ENSG00000237653","ENSG00000242534"
"ENSG00000155918","ENSG00000279924","ENSG00000211672"
"ENSG00000186844","ENSG00000163518","ENSG00000253460"
"ENSG00000189182","ENSG00000257842","ENSG00000265612"
"ENSG00000276850","ENSG00000242828","ENSG00000254098"
"ENSG00000172155","ENSG00000232353","ENSG00000233732"
"ENSG00000166634","ENSG00000250590","ENSG00000197794"
"ENSG00000188293","ENSG00000257869","ENSG00000211674"
"ENSG00000159527","ENSG00000232765","ENSG00000264781"
"ENSG00000188100","ENSG00000189023","ENSG00000253247"
"ENSG00000178597","ENSG00000205359","ENSG00000211930"
"ENSG00000275011","ENSG00000121388","ENSG00000261704"
"ENSG00000240386","ENSG00000258028","ENSG00000198854"
"ENSG00000269741","ENSG00000273840","ENSG00000239975"
"ENSG00000198854","ENSG00000229967","ENSG00000228325"
"ENSG00000112494","ENSG00000269586","ENSG00000211924"
"ENSG00000185966","ENSG00000231937","ENSG00000204670"
"ENSG00000171711","ENSG00000279973","ENSG00000211661"
