"gene_ids","gene_names"
"ENSG00000147381","MAGEA4"
"ENSG00000170465","KRT6C"
"ENSG00000169469","SPRR1B"
"ENSG00000126890","CTAG2"
"ENSG00000198054","DSCR8"
"ENSG00000178363","CALML3"
"ENSG00000099399","MAGEB2"
"ENSG00000226278","PSPHP1"
"ENSG00000158639","PAGE5"
"ENSG00000178372","CALML5"
"ENSG00000205420","KRT6A"
"ENSG00000203785","SPRR2E"
"ENSG00000124260","MAGEA10"
"ENSG00000169474","SPRR1A"
"ENSG00000124205","EDN3"
"ENSG00000241794","SPRR2A"
"ENSG00000105141","CASP14"
"ENSG00000131002","TXLNGY"
"ENSG00000198692","EIF1AY"
"ENSG00000186832","KRT16"
"ENSG00000185247","MAGEA11"
"ENSG00000270816","LINC00221"
"ENSG00000183878","UTY"
"ENSG00000159516","SPRR2G"
"ENSG00000143556","S100A7"
"ENSG00000057149","SERPINB3"
"ENSG00000187172","BAGE2"
"ENSG00000261761","LINC02616"
"ENSG00000198681","MAGEA1"
"ENSG00000167754","KLK5"
"ENSG00000182968","SOX1"
"ENSG00000254547","AC036111.1"
"ENSG00000167656","LY6D"
"ENSG00000169035","KLK7"
"ENSG00000206075","SERPINB5"
"ENSG00000229807","XIST"
"ENSG00000175497","DPP10"
"ENSG00000163207","IVL"
"ENSG00000184330","S100A7A"
"ENSG00000137440","FGFBP1"
"ENSG00000155495","MAGEC1"
"ENSG00000169550","MUC15"
"ENSG00000187772","LIN28B"
"ENSG00000067646","ZFY"
"ENSG00000253642","AF279873.3"
"ENSG00000206073","SERPINB4"
"ENSG00000113327","GABRG2"
"ENSG00000214107","MAGEB1"
"ENSG00000134757","DSG3"
"ENSG00000046774","MAGEC2"
"ENSG00000167768","KRT1"
"ENSG00000171401","KRT13"
"ENSG00000156269","NAA11"
"ENSG00000134760","DSG1"
"ENSG00000184029","DSCR4"
"ENSG00000230937","MIR205HG"
"ENSG00000163209","SPRR3"
"ENSG00000170454","KRT75"
"ENSG00000260958","AC023824.3"
"ENSG00000012817","KDM5D"
"ENSG00000114374","USP9Y"
"ENSG00000176728","TTTY14"
"ENSG00000227674","LINC00355"
"ENSG00000279516","FAM230C"
"ENSG00000183072","NKX2-5"
"ENSG00000248131","LINC01194"
"ENSG00000251026","LINC02163"
"ENSG00000227128","LBX1-AS1"
"ENSG00000197641","SERPINB13"
"ENSG00000129455","KLK8"
"ENSG00000067048","DDX3Y"
"ENSG00000165246","NLGN4Y"
"ENSG00000233379","AL139002.1"
"ENSG00000260073","AC023824.1"
"ENSG00000261010","RARRES2P6"
"ENSG00000188373","C10orf99"
"ENSG00000178934","LGALS7B"
"ENSG00000260197","AC010889.1"
"ENSG00000118733","OLFM3"
"ENSG00000234068","PAGE2"
"ENSG00000278630","LINC02335"
"ENSG00000170477","KRT4"
"ENSG00000163202","LCE3D"
"ENSG00000008196","TFAP2B"
"ENSG00000258616","LINC02303"
"ENSG00000229703","LYPD9P"
"ENSG00000251039","IGKV2D-40"
"ENSG00000203786","KPRP"
"ENSG00000126550","HTN1"
"ENSG00000167757","KLK11"
"ENSG00000125998","FAM83C"
"ENSG00000198033","TUBA3C"
"ENSG00000188508","KRTDAP"
"ENSG00000223812","AC073365.1"
"ENSG00000233515","LINC01518"
"ENSG00000151952","TMEM132D"
"ENSG00000203782","LOR"
"ENSG00000127928","GNGT1"
"ENSG00000261711","FRG2DP"
"ENSG00000109182","CWH43"
"ENSG00000185559","DLK1"
"ENSG00000251363","LINC02315"
"ENSG00000138136","LBX1"
"ENSG00000181092","ADIPOQ"
"ENSG00000205628","LINC01446"
"ENSG00000185479","KRT6B"
"ENSG00000120251","GRIA2"
"ENSG00000256417","AC006206.2"
"ENSG00000136695","IL36RN"
"ENSG00000143536","CRNN"
"ENSG00000147246","HTR2C"
"ENSG00000268902","CSAG2"
"ENSG00000265190","ANXA8"
"ENSG00000166049","PASD1"
"ENSG00000264985","AC124804.1"
"ENSG00000150244","TRIM48"
"ENSG00000172478","MAB21L4"
"ENSG00000172551","MUCL1"
"ENSG00000254101","LINC02055"
"ENSG00000235026","DPP10-AS1"
"ENSG00000211611","IGKV6-21"
"ENSG00000265933","LINC00668"
"ENSG00000250038","AC093791.1"
"ENSG00000099725","PRKY"
"ENSG00000250102","LINC02377"
"ENSG00000211599","IGKV5-2"
"ENSG00000169509","CRCT1"
"ENSG00000253898","LINC01419"
"ENSG00000261364","AC063923.2"
"ENSG00000249196","TMEM132D-AS1"
"ENSG00000248370","LINC02434"
"ENSG00000250682","LINC00491"
"ENSG00000205076","LGALS7"
"ENSG00000229131","AC016710.2"
"ENSG00000211639","IGLV4-60"
"ENSG00000197172","MAGEA6"
"ENSG00000280081","LINC01667"
"ENSG00000267051","AP005229.1"
"ENSG00000280061","AC011504.1"
"ENSG00000237339","LINC01502"
"ENSG00000259897","FRG2JP"
"ENSG00000068985","PAGE1"
"ENSG00000239268","AC092691.1"
"ENSG00000170423","KRT78"
"ENSG00000175121","WFDC5"
"ENSG00000134765","DSC1"
"ENSG00000259663","AC010478.1"
"ENSG00000172995","ARPP21"
"ENSG00000255429","AP003400.1"
"ENSG00000132204","LINC00470"
"ENSG00000251372","LINC00499"
"ENSG00000274391","TPTE"
"ENSG00000250125","LINC02232"
"ENSG00000225606","AC005281.1"
"ENSG00000233215","LINC01687"
"ENSG00000275830","AL390755.1"
"ENSG00000253998","IGKV2-29"
"ENSG00000205927","OLIG2"
"ENSG00000242599","CSAG4"
"ENSG00000189064","GAGE2A"
"ENSG00000188293","IGFL1"
"ENSG00000239508","PLCH1-AS1"
"ENSG00000016082","ISL1"
"ENSG00000211974","IGHV2-70D"
"ENSG00000196805","SPRR2B"
"ENSG00000166104","AC126323.1"
"ENSG00000124935","SCGB1D2"
"ENSG00000187173","LCE2A"
"ENSG00000244116","IGKV2-28"
"ENSG00000248515","AC024230.1"
"ENSG00000226141","AC244107.1"
"ENSG00000233639","PANTR1"
"ENSG00000197084","LCE1C"
"ENSG00000249413","AC116049.2"
"ENSG00000211665","IGLV3-16"
"ENSG00000230426","ERVMER61-1"
"ENSG00000205649","HTN3"
"ENSG00000249395","CASC9"
"ENSG00000236719","OVAAL"
"ENSG00000176204","LRRTM4"
"ENSG00000257636","G2E3-AS1"
"ENSG00000267339","LINC00906"
"ENSG00000169551","CT55"
"ENSG00000163216","SPRR2D"
"ENSG00000169059","VCX3A"
"ENSG00000276972","AC078880.5"
"ENSG00000105388","CEACAM5"
"ENSG00000229967","MAGEA4-AS1"
"ENSG00000243137","PSG4"
"ENSG00000232242","ZYG11AP1"
"ENSG00000248783","AC106771.1"
"ENSG00000170367","CST5"
"ENSG00000225523","IGKV6D-21"
"ENSG00000259129","LINC00648"
"ENSG00000273119","AP005229.2"
"ENSG00000258927","AL133467.2"
"ENSG00000034971","MYOC"
"ENSG00000224237","MICOS10P3"
"ENSG00000234840","LINC01239"
"ENSG00000126233","SLURP1"
"ENSG00000270038","AL133467.4"
"ENSG00000258548","LINC00645"
"ENSG00000267313","AC021504.1"
"ENSG00000134762","DSC3"
"ENSG00000261036","AC113418.1"
"ENSG00000206159","GYG2P1"
"ENSG00000125816","NKX2-4"
"ENSG00000166558","SLC38A8"
"ENSG00000205634","LINC00898"
"ENSG00000268916","CSAG3"
"ENSG00000211654","IGLV5-37"
"ENSG00000134365","CFHR4"
"ENSG00000188089","PLA2G4E"
"ENSG00000123407","HOXC12"
"ENSG00000186297","GABRA5"
"ENSG00000258038","LINC02327"
"ENSG00000180178","FAR2P1"
"ENSG00000266602","AP005262.2"
"ENSG00000236078","LINC01447"
"ENSG00000211968","IGHV1-58"
"ENSG00000229404","LINC00858"
"ENSG00000236921","AL157937.1"
"ENSG00000224045","PAEPP1"
"ENSG00000107807","TLX1"
"ENSG00000204644","ZFP57"
"ENSG00000268104","SLC6A14"
"ENSG00000237412","PRSS56"
"ENSG00000255433","LINC02735"
"ENSG00000162951","LRRTM1"
"ENSG00000157502","PWWP3B"
"ENSG00000223350","IGLV9-49"
"ENSG00000267368","UPK3BL1"
"ENSG00000211935","IGHV1-3"
"ENSG00000243264","IGKV2D-29"
"ENSG00000261116","AL049555.1"
"ENSG00000277693","AP003900.1"
"ENSG00000251539","SNX18P24"
"ENSG00000223850","MYCNUT"
"ENSG00000138271","GPR87"
"ENSG00000211891","IGHE"
"ENSG00000226886","AC093787.1"
"ENSG00000232079","LINC01697"
"ENSG00000250420","AACSP1"
"ENSG00000086548","CEACAM6"
"ENSG00000249341","AC124017.1"
"ENSG00000198889","DCAF12L1"
"ENSG00000251350","LINC02475"
"ENSG00000248740","LINC02428"
"ENSG00000205777","GAGE1"
"ENSG00000240086","AC092969.1"
"ENSG00000268883","PNMA6B"
"ENSG00000248874","C5orf17"
"ENSG00000128610","FEZF1"
"ENSG00000251546","IGKV1D-39"
"ENSG00000143954","REG3G"
"ENSG00000231758","ARHGAP15-AS1"
"ENSG00000227757","AP000282.1"
"ENSG00000215853","RPTN"
"ENSG00000229637","PRAC2"
"ENSG00000234722","LINC01287"
"ENSG00000228966","HOMER2P1"
"ENSG00000262539","AC005829.2"
"ENSG00000259786","LINC02109"
"ENSG00000249345","LINC02405"
"ENSG00000257842","LINC02588"
"ENSG00000259527","LINC00052"
"ENSG00000131914","LIN28A"
"ENSG00000230316","FEZF1-AS1"
"ENSG00000124092","CTCFL"
"ENSG00000109101","FOXN1"
"ENSG00000186844","LCE1A"
"ENSG00000226508","LINC01918"
"ENSG00000176194","CIDEA"
"ENSG00000255042","AC109635.3"
"ENSG00000133124","IRS4"
"ENSG00000243290","IGKV1-12"
"ENSG00000081138","CDH7"
"ENSG00000100078","PLA2G3"
"ENSG00000241104","CEACAMP10"
"ENSG00000159337","PLA2G4D"
"ENSG00000077279","DCX"
"ENSG00000255394","C8orf49"
"ENSG00000165953","SERPINA12"
"ENSG00000204421","LY6G6C"
"ENSG00000251226","LINC02714"
"ENSG00000168907","PLA2G4F"
"ENSG00000278857","IGKV1D-12"
"ENSG00000251629","LINC02241"
"ENSG00000168143","FAM83B"
"ENSG00000242371","IGKV1-39"
"ENSG00000251129","LINC02506"
"ENSG00000196734","LCE1B"
"ENSG00000169393","ELSPBP1"
"ENSG00000276399","AC209154.1"
"ENSG00000235782","AL031429.1"
"ENSG00000163218","PGLYRP4"
"ENSG00000276775","IGHV4-4"
"ENSG00000214381","LINC00488"
"ENSG00000225206","MIR137HG"
"ENSG00000268080","AC016885.3"
"ENSG00000211664","IGLV2-18"
"ENSG00000244094","SPRR2F"
"ENSG00000229876","CASC20"
"ENSG00000133636","NTS"
"ENSG00000164438","TLX3"
"ENSG00000265417","AP005119.2"
"ENSG00000163630","SYNPR"
"ENSG00000242076","IGKV1-33"
"ENSG00000254489","MPPED2-AS1"
"ENSG00000242828","AC068756.1"
"ENSG00000253301","LINC01606"
"ENSG00000159527","PGLYRP3"
"ENSG00000186847","KRT14"
"ENSG00000142273","CBLC"
"ENSG00000273906","AC011297.1"
"ENSG00000168703","WFDC12"
"ENSG00000176165","FOXG1"
"ENSG00000163518","FCRL4"
"ENSG00000253818","IGLV1-41"
"ENSG00000132975","GPR12"
"ENSG00000257826","AL133304.2"
"ENSG00000196242","OR2C3"
"ENSG00000182583","VCX"
"ENSG00000233987","AC106706.1"
"ENSG00000242766","IGKV1D-17"
"ENSG00000266885","AC132825.4"
"ENSG00000224960","PPP4R3C"
"ENSG00000170054","SERPINA9"
"ENSG00000102021","LUZP4"
"ENSG00000250546","AC079160.1"
"ENSG00000136327","NKX2-8"
"ENSG00000040731","CDH10"
"ENSG00000267696","ERVK-28"
"ENSG00000276566","IGKV1D-13"
"ENSG00000225546","LINC02476"
"ENSG00000265015","AP005901.3"
"ENSG00000225127","LINC00237"
"ENSG00000178597","PSAPL1"
"ENSG00000273325","AL008723.2"
"ENSG00000238269","PAGE2B"
"ENSG00000166961","MS4A15"
"ENSG00000243238","IGKV2-30"
"ENSG00000189186","DCAF8L2"
"ENSG00000249577","AC010424.1"
"ENSG00000140015","KCNH5"
"ENSG00000172867","KRT2"
"ENSG00000182352","C17orf77"
"ENSG00000250658","AC097652.1"
"ENSG00000164651","SP8"
"ENSG00000224607","IGKV1D-27"
"ENSG00000272163","AF106564.1"
"ENSG00000211937","IGHV2-5"
"ENSG00000211946","IGHV3-20"
"ENSG00000254302","AC087855.2"
"ENSG00000248238","LINC02438"
"ENSG00000165583","SSX5"
"ENSG00000233535","AC003035.2"
"ENSG00000204539","CDSN"
"ENSG00000153294","ADGRF4"
"ENSG00000244342","LINC00698"
"ENSG00000166426","CRABP1"
"ENSG00000250874","AC010595.1"
"ENSG00000166959","MS4A8"
"ENSG00000264956","AC138761.1"
"ENSG00000254768","AC104009.1"
"ENSG00000242082","SLC5A4-AS1"
"ENSG00000203783","PRR9"
"ENSG00000237606","AC091286.1"
"ENSG00000151834","GABRA2"
"ENSG00000174914","OR9G1"
"ENSG00000261350","AC018558.2"
"ENSG00000129824","RPS4Y1"
"ENSG00000231535","LINC00278"
"ENSG00000274576","IGHV2-70"
"ENSG00000274172","MIR8071-1"
"ENSG00000176746","MAGEB6"
"ENSG00000266977","AC006504.2"
"ENSG00000178235","SLITRK1"
"ENSG00000264230","ANXA8L1"
"ENSG00000239571","IGKV2D-30"
"ENSG00000254174","IGHV1-12"
"ENSG00000203837","PNLIPRP3"
"ENSG00000250215","CIR1P2"
"ENSG00000170426","SDR9C7"
"ENSG00000211938","IGHV3-7"
"ENSG00000279588","AC087762.2"
"ENSG00000276308","AC078880.4"
"ENSG00000224549","AC017067.1"
"ENSG00000251138","AC090015.1"
"ENSG00000215580","BCORP1"
"ENSG00000259993","AC135731.1"
"ENSG00000174156","GSTA3"
"ENSG00000189182","KRT77"
"ENSG00000169297","NR0B1"
"ENSG00000185966","LCE3E"
"ENSG00000253164","AC023403.1"
"ENSG00000258998","LINC02302"
"ENSG00000263503","MAPK8IP1P2"
"ENSG00000241566","IGKV2D-24"
"ENSG00000211642","IGLV10-54"
"ENSG00000236333","TRHDE-AS1"
"ENSG00000166006","KCNC2"
"ENSG00000235054","LINC01777"
"ENSG00000254056","IGHV3-71"
"ENSG00000016602","CLCA4"
"ENSG00000241244","IGKV1D-16"
"ENSG00000266560","MAGEA10-MAGEA5"
"ENSG00000174950","CD164L2"
"ENSG00000112333","NR2E1"
"ENSG00000188100","FAM25A"
"ENSG00000211655","IGLV1-36"
"ENSG00000221867","MAGEA3"
"ENSG00000211933","IGHV6-1"
"ENSG00000153802","TMPRSS11D"
"ENSG00000224041","IGKV3D-15"
"ENSG00000277030","MIR8071-2"
"ENSG00000181433","SAGE1"
"ENSG00000106536","POU6F2"
"ENSG00000121742","GJB6"
"ENSG00000249158","PCDHA11"
"ENSG00000108342","CSF3"
"ENSG00000231776","LINC01611"
"ENSG00000213931","HBE1"
"ENSG00000186474","KLK12"
"ENSG00000237863","AL035425.2"
"ENSG00000154080","CHST9"
"ENSG00000019505","SYT13"
"ENSG00000109061","MYH1"
"ENSG00000178919","FOXE1"
"ENSG00000258932","AL390334.1"
"ENSG00000146910","CNPY1"
"ENSG00000211658","IGLV3-27"
"ENSG00000240386","LCE1F"
"ENSG00000234948","LINC01524"
"ENSG00000256915","AC090023.2"
"ENSG00000136750","GAD2"
"ENSG00000260268","LINC00919"
"ENSG00000126752","SSX1"
"ENSG00000155622","XAGE2"
"ENSG00000211638","IGLV8-61"
"ENSG00000226053","LINC01776"
"ENSG00000254919","AC090692.1"
"ENSG00000253274","IGHV1-67"
"ENSG00000223648","IGHV3-64"
"ENSG00000253497","IGKV1-13"
"ENSG00000143194","MAEL"
"ENSG00000238118","SLC25A24P2"
"ENSG00000106541","AGR2"
"ENSG00000124253","PCK1"
"ENSG00000144285","SCN1A"
"ENSG00000237849","NFYAP1"
"ENSG00000250579","AC022424.1"
"ENSG00000234575","CTSLP8"
"ENSG00000166869","CHP2"
"ENSG00000196071","OR2L13"
"ENSG00000255298","OR8G5"
"ENSG00000247416","AP000802.1"
"ENSG00000196893","AC090286.1"
"ENSG00000182256","GABRG3"
"ENSG00000258785","LINC01580"
"ENSG00000130701","RBBP8NL"
"ENSG00000250366","TUNAR"
"ENSG00000228933","AC107419.1"
"ENSG00000243479","MNX1-AS1"
"ENSG00000278263","AC135068.2"
"ENSG00000237111","IGHJ3P"
"ENSG00000255359","CCDC179"
"ENSG00000189229","AC069277.1"
"ENSG00000278847","AC006157.1"
"ENSG00000272046","AL445647.1"
"ENSG00000270472","IGHV3OR16-9"
"ENSG00000103460","TOX3"
"ENSG00000266302","AC098850.3"
"ENSG00000184302","SIX6"
"ENSG00000260518","BMS1P8"
"ENSG00000253691","IGKV2OR22-4"
"ENSG00000248103","AC008443.3"
"ENSG00000272566","AF250324.1"
"ENSG00000170373","CST1"
"ENSG00000178172","SPINK6"
"ENSG00000261409","AL035425.4"
"ENSG00000211685","IGLC7"
"ENSG00000233124","LINC00456"
"ENSG00000186086","NBPF6"
"ENSG00000235615","AJ239322.1"
"ENSG00000253364","COPDA1"
"ENSG00000189108","IL1RAPL2"
"ENSG00000154620","TMSB4Y"
"ENSG00000204894","AC104692.1"
"ENSG00000165471","MBL2"
"ENSG00000227297","AL035541.1"
"ENSG00000253361","AC069120.1"
"ENSG00000196427","NBPF4"
"ENSG00000150275","PCDH15"
"ENSG00000095777","MYO3A"
"ENSG00000181234","TMEM132C"
"ENSG00000234224","TMEM229A"
"ENSG00000183668","PSG9"
"ENSG00000260611","AC106785.2"
"ENSG00000188133","TMEM215"
"ENSG00000234184","LINC01781"
"ENSG00000279565","AL121835.2"
"ENSG00000136688","IL36G"
"ENSG00000242021","AC112493.1"
"ENSG00000248869","LINC02511"
"ENSG00000147481","SNTG1"
"ENSG00000258128","MKRN9P"
"ENSG00000152208","GRID2"
"ENSG00000254656","RTL1"
"ENSG00000160181","TFF2"
"ENSG00000188403","IGHV1OR15-9"
"ENSG00000136696","IL36B"
"ENSG00000256463","SALL3"
"ENSG00000241361","SLC25A24P1"
"ENSG00000253239","IGLVI-70"
"ENSG00000185390","FGF7P2"
"ENSG00000225128","LINC00972"
"ENSG00000224271","AL117329.1"
"ENSG00000253154","AC100801.1"
"ENSG00000237917","PARP4P1"
"ENSG00000197476","AC034105.1"
"ENSG00000269741","AC011473.4"
"ENSG00000271375","AC134879.2"
"ENSG00000139800","ZIC5"
"ENSG00000224361","AC011239.1"
"ENSG00000196616","ADH1B"
"ENSG00000171234","UGT2B7"
"ENSG00000267683","AC008991.1"
"ENSG00000211647","IGLV5-48"
"ENSG00000138675","FGF5"
"ENSG00000133020","MYH8"
"ENSG00000125820","NKX2-2"
"ENSG00000259680","AC136428.1"
"ENSG00000171403","KRT9"
"ENSG00000229407","AL359853.1"
"ENSG00000242580","IGKV1D-43"
"ENSG00000158786","PLA2G2F"
"ENSG00000257588","AC025154.2"
"ENSG00000226145","KRT16P6"
"ENSG00000215452","ZNF663P"
"ENSG00000260802","SERTM2"
"ENSG00000271569","IGKV1OR2-6"
"ENSG00000137745","MMP13"
"ENSG00000133488","SEC14L4"
"ENSG00000165973","NELL1"
"ENSG00000226057","PHF2P2"
"ENSG00000211593","IGKJ5"
"ENSG00000179073","TAAR3P"
"ENSG00000236485","LINC01945"
"ENSG00000204790","AL163540.1"
"ENSG00000211650","IGLV5-45"
"ENSG00000263711","LINC02864"
"ENSG00000126549","STATH"
"ENSG00000254438","LINC02683"
"ENSG00000249306","LINC01411"
"ENSG00000234426","AL139042.1"
"ENSG00000251209","LINC00923"
"ENSG00000186487","MYT1L"
"ENSG00000243955","GSTA1"
"ENSG00000277282","IGHV1OR21-1"
"ENSG00000231171","LINC01098"
"ENSG00000156076","WIF1"
"ENSG00000182585","EPGN"
"ENSG00000114487","MORC1"
"ENSG00000263045","AC090286.4"
"ENSG00000255983","AC007848.1"
"ENSG00000259490","IGHV3OR15-7"
"ENSG00000239975","IGKV1D-33"
"ENSG00000197549","PRAMENP"
"ENSG00000145526","CDH18"
"ENSG00000242534","IGKV2D-28"
"ENSG00000184351","KRTAP19-1"
"ENSG00000203907","OOEP"
"ENSG00000241439","AC092903.1"
"ENSG00000260153","RARRES2P10"
"ENSG00000257275","AL139020.1"
"ENSG00000084674","APOB"
"ENSG00000113430","IRX4"
"ENSG00000162897","FCAMR"
"ENSG00000280623","PCAT14"
"ENSG00000259337","IGHV1OR15-2"
"ENSG00000211979","IGHV7-81"
"ENSG00000271766","AC010424.2"
"ENSG00000270495","AC008825.2"
"ENSG00000239389","PCDHA13"
"ENSG00000223931","AC142381.1"
"ENSG00000162782","TDRD5"
"ENSG00000243063","IGKV3-7"
"ENSG00000170786","SDR16C5"
"ENSG00000231023","LINC00326"
"ENSG00000083307","GRHL2"
"ENSG00000271178","IGHV3OR16-13"
"ENSG00000166396","SERPINB7"
"ENSG00000198074","AKR1B10"
"ENSG00000184856","LINC00308"
"ENSG00000171195","MUC7"
"ENSG00000265717","AC103808.3"
"ENSG00000170356","OR2A20P"
"ENSG00000253883","IGHV3-19"
"ENSG00000225930","LINC02249"
"ENSG00000171402","XAGE3"
"ENSG00000253569","VENTXP5"
"ENSG00000211676","IGLJ2"
"ENSG00000275216","AL161431.1"
"ENSG00000253545","IGHV3-52"
"ENSG00000180347","ITPRID1"
"ENSG00000226409","AL450332.1"
"ENSG00000263639","MSMB"
"ENSG00000167755","KLK6"
"ENSG00000146352","CLVS2"
"ENSG00000211672","IGLV4-3"
"ENSG00000231331","AC103563.3"
"ENSG00000116996","ZP4"
"ENSG00000231811","AL159166.1"
"ENSG00000236069","AL136987.1"
"ENSG00000258803","AL355103.1"
"ENSG00000154162","CDH12"
"ENSG00000233754","AP001628.2"
"ENSG00000160505","NLRP4"
"ENSG00000253120","IGLV2-34"
"ENSG00000179059","ZFP42"
"ENSG00000155511","GRIA1"
"ENSG00000184672","RALYL"
"ENSG00000223548","ACSL6-AS1"
"ENSG00000187135","VSTM2B"
"ENSG00000226562","CYP4F26P"
"ENSG00000130700","GATA5"
"ENSG00000277268","LHX1-DT"
"ENSG00000260211","AC139426.1"
"ENSG00000259720","AC009562.1"
"ENSG00000277357","NPAP1P7"
"ENSG00000253936","IGHV3-63"
"ENSG00000077009","NMRK2"
"ENSG00000065609","SNAP91"
"ENSG00000164532","TBX20"
"ENSG00000248771","SMIM31"
"ENSG00000213401","MAGEA12"
"ENSG00000142515","KLK3"
"ENSG00000215914","MMP23A"
"ENSG00000251664","PCDHA12"
"ENSG00000211905","IGHJ1"
"ENSG00000279973","CU104787.1"
"ENSG00000250456","LINC02260"
"ENSG00000228952","LINC02041"
"ENSG00000164129","NPY5R"
"ENSG00000155052","CNTNAP5"
"ENSG00000270864","IGHV3OR16-6"
"ENSG00000171557","FGG"
"ENSG00000146166","LGSN"
"ENSG00000197888","UGT2B17"
"ENSG00000198797","BRINP2"
"ENSG00000154975","CA10"
"ENSG00000259123","AC103996.3"
"ENSG00000211633","IGKV1D-42"
"ENSG00000204544","MUC21"
"ENSG00000249948","GBA3"
"ENSG00000165509","MAGEC3"
"ENSG00000182050","MGAT4C"
"ENSG00000253132","IGHV3-62"
"ENSG00000248498","ASNSP1"
"ENSG00000241098","LINC01994"
"ENSG00000228262","LINC01320"
"ENSG00000235343","LINC01665"
"ENSG00000144339","TMEFF2"
"ENSG00000258183","LINC02392"
"ENSG00000273840","AF254983.1"
"ENSG00000235994","HGC6.3"
"ENSG00000267793","AC009977.1"
"ENSG00000269043","AC008554.1"
"ENSG00000211632","IGKV3D-11"
"ENSG00000189299","FOXR2"
"ENSG00000227195","MIR663AHG"
"ENSG00000163631","ALB"
"ENSG00000117322","CR2"
"ENSG00000236209","AC104135.1"
"ENSG00000134240","HMGCS2"
"ENSG00000264424","MYH4"
"ENSG00000143520","FLG2"
"ENSG00000227471","AKR1B15"
"ENSG00000269707","AC018730.1"
"ENSG00000228286","AP000593.2"
"ENSG00000252051","RN7SKP276"
"ENSG00000224842","AL161908.1"
"ENSG00000233085","BX322234.2"
"ENSG00000261502","AC040174.1"
"ENSG00000236366","AL359313.1"
"ENSG00000253451","IGLV2-28"
"ENSG00000164616","FBXL21P"
"ENSG00000184459","BPIFC"
"ENSG00000167741","GGT6"
"ENSG00000260788","AC009063.2"
"ENSG00000248329","APELA"
"ENSG00000211942","IGHV3-13"
"ENSG00000279770","LINC00552"
"ENSG00000148942","SLC5A12"
"ENSG00000226530","AL158055.1"
"ENSG00000243944","AC117386.2"
"ENSG00000188624","IGFL3"
"ENSG00000185303","SFTPA2"
"ENSG00000096006","CRISP3"
"ENSG00000214617","SLC6A10P"
"ENSG00000186867","QRFPR"
"ENSG00000047936","ROS1"
"ENSG00000248837","AC097512.1"
"ENSG00000211904","IGHJ2"
"ENSG00000232353","AC026320.1"
"ENSG00000279379","AC024595.1"
"ENSG00000155897","ADCY8"
"ENSG00000253742","IGHV3-60"
"ENSG00000260673","AL034376.2"
"ENSG00000165566","AMER2"
"ENSG00000226383","LINC01876"
"ENSG00000224585","AC103563.1"
"ENSG00000162624","LHX8"
"ENSG00000164756","SLC30A8"
"ENSG00000260653","AC237221.1"
"ENSG00000205667","ARSH"
"ENSG00000234460","AL772337.3"
"ENSG00000263821","AP005121.2"
"ENSG00000125999","BPIFB1"
"ENSG00000119919","NKX2-3"
"ENSG00000241224","C3orf85"
"ENSG00000163736","PPBP"
"ENSG00000226191","CLK3P2"
"ENSG00000224141","MIR548XHG"
"ENSG00000114771","AADAC"
"ENSG00000109205","ODAM"
"ENSG00000255375","AL078612.3"
"ENSG00000261538","AC096996.2"
"ENSG00000196344","ADH7"
"ENSG00000204175","GPRIN2"
"ENSG00000122145","TBX22"
"ENSG00000109193","SULT1E1"
"ENSG00000167355","OR51B5"
"ENSG00000258417","AC100868.1"
"ENSG00000204941","PSG5"
"ENSG00000078898","BPIFB2"
"ENSG00000258913","LINC02691"
"ENSG00000251273","LINC02228"
"ENSG00000120057","SFRP5"
"ENSG00000162763","LRRC52"
"ENSG00000211930","IGHD3-3"
"ENSG00000211978","IGHV5-78"
"ENSG00000242268","LINC02082"
"ENSG00000125285","SOX21"
"ENSG00000237265","BX276092.7"
"ENSG00000260062","GOLGA2P11"
"ENSG00000163424","TEX55"
"ENSG00000264067","AC005291.1"
"ENSG00000010282","HHATL"
"ENSG00000231324","AP000696.1"
"ENSG00000249815","AC004704.1"
"ENSG00000254046","IGHV1-17"
"ENSG00000237212","AL449403.2"
"ENSG00000249910","TRIM51CP"
"ENSG00000158874","APOA2"
"ENSG00000261046","C2orf69P1"
"ENSG00000229621","LINC01822"
"ENSG00000182040","USH1G"
"ENSG00000254337","AC083967.1"
"ENSG00000211976","IGHV3-73"
"ENSG00000145879","SPINK7"
"ENSG00000253467","IGHV7-40"
"ENSG00000230847","OCLNP1"
"ENSG00000118972","FGF23"
"ENSG00000257056","LINC02282"
"ENSG00000186439","TRDN"
"ENSG00000253709","IGHV1-14"
"ENSG00000237515","SHISA9"
"ENSG00000112246","SIM1"
"ENSG00000260658","AC138305.1"
"ENSG00000218772","FAM8A6P"
"ENSG00000279712","FP325330.3"
"ENSG00000165643","SOHLH1"
"ENSG00000234805","AC090505.1"
"ENSG00000219926","OR7E104P"
"ENSG00000187527","ATP13A5"
"ENSG00000225106","AL162457.2"
"ENSG00000225280","AL158013.1"
"ENSG00000259836","AGGF1P6"
"ENSG00000182255","KCNA4"
"ENSG00000182447","OTOL1"
"ENSG00000204849","SPATA31A1"
"ENSG00000258081","AL110292.1"
"ENSG00000254256","RPSAP71"
"ENSG00000240298","RPL36AP40"
"ENSG00000271130","IGHV3OR16-8"
"ENSG00000206129","AC006305.2"
"ENSG00000264660","AC107926.1"
"ENSG00000253117","OC90"
"ENSG00000174016","TENT5D"
"ENSG00000171885","AQP4"
"ENSG00000274956","NKAIN3-IT1"
"ENSG00000257277","AC092652.1"
"ENSG00000231561","CEACAMP5"
"ENSG00000253481","IGKV1OR22-1"
"ENSG00000204876","AC021218.1"
"ENSG00000244620","AC246787.2"
"ENSG00000236740","AL033384.1"
"ENSG00000189023","MAGEB16"
"ENSG00000224957","LINC01266"
"ENSG00000145192","AHSG"
"ENSG00000178403","NEUROG2"
"ENSG00000255866","AC090023.1"
"ENSG00000165164","CFAP47"
"ENSG00000254851","AP005018.2"
"ENSG00000253171","AC037450.1"
"ENSG00000152254","G6PC2"
"ENSG00000056291","NPFFR2"
"ENSG00000267243","AC005381.1"
"ENSG00000125414","MYH2"
"ENSG00000177910","SPATA31C2"
"ENSG00000258732","AC025884.1"
"ENSG00000255239","TREHP1"
"ENSG00000124429","POF1B"
"ENSG00000255119","AP003385.3"
"ENSG00000131686","CA6"
"ENSG00000114638","UPK1B"
"ENSG00000197353","LYPD2"
"ENSG00000175302","ANKRD30BP1"
"ENSG00000258986","TMEM179"
"ENSG00000180071","ANKRD18A"
"ENSG00000148704","VAX1"
"ENSG00000189433","GJB4"
"ENSG00000198354","DCAF12L2"
"ENSG00000225764","P3H2-AS1"
"ENSG00000254626","AP003100.1"
"ENSG00000250816","DCAF13P2"
"ENSG00000143032","BARHL2"
"ENSG00000198854","C1orf68"
"ENSG00000255980","AP000439.2"
"ENSG00000260265","LINC02562"
"ENSG00000223634","AC012506.2"
"ENSG00000090512","FETUB"
"ENSG00000248138","AC097515.1"
"ENSG00000257743","MGAM2"
"ENSG00000080224","EPHA6"
"ENSG00000251381","LINC00958"
"ENSG00000147689","FAM83A"
"ENSG00000149972","CNTN5"
"ENSG00000280145","CU638689.4"
"ENSG00000260978","AC126407.1"
"ENSG00000255372","AC107886.1"
"ENSG00000276478","AL772337.4"
"ENSG00000187690","EZHIP"
"ENSG00000224854","CDKN2A-DT"
"ENSG00000092377","TBL1Y"
"ENSG00000242948","EPS15P1"
"ENSG00000159398","CES5A"
"ENSG00000177551","NHLH2"
"ENSG00000156885","COX6A2"
"ENSG00000275016","AC015574.1"
"ENSG00000197934","CYYR1-AS1"
"ENSG00000234056","LINC00463"
"ENSG00000236849","LINC01474"
"ENSG00000230481","IGKV1OR22-5"
"ENSG00000229921","KIF25-AS1"
"ENSG00000174957","OR5J2"
"ENSG00000267142","AC092296.3"
"ENSG00000274879","AC009804.1"
"ENSG00000234998","AC244453.3"
"ENSG00000203877","RIPPLY2"
"ENSG00000267978","MAGEA9B"
"ENSG00000255622","PCDHB17P"
"ENSG00000101958","GLRA2"
"ENSG00000222031","AC023469.1"
"ENSG00000228824","MIR4500HG"
"ENSG00000258636","AL121821.2"
"ENSG00000122584","NXPH1"
"ENSG00000259692","AC104041.1"
"ENSG00000179813","FAM216B"
"ENSG00000278054","AL591926.7"
"ENSG00000197794","IGKV7-3"
"ENSG00000256422","LINC02552"
"ENSG00000239939","RPSAP34"
"ENSG00000188937","NYX"
"ENSG00000229854","AL357936.1"
"ENSG00000205424","AL592528.1"
"ENSG00000124875","CXCL6"
"ENSG00000251056","ANKRD20A17P"
"ENSG00000260704","LINC00543"
"ENSG00000176515","AL033381.1"
"ENSG00000232650","LINC01780"
"ENSG00000268879","IGFL1P1"
"ENSG00000234756","LINC02621"
"ENSG00000054803","CBLN4"
"ENSG00000155918","RAET1L"
"ENSG00000125813","PAX1"
"ENSG00000224807","DUX4L9"
"ENSG00000196104","SPOCK3"
"ENSG00000229743","LINC01159"
"ENSG00000269376","AL356740.3"
"ENSG00000149305","HTR3B"
"ENSG00000141668","CBLN2"
"ENSG00000253234","IGLV2-5"
"ENSG00000232023","LINC01807"
"ENSG00000218048","AL121949.1"
"ENSG00000244681","MTHFD2P1"
"ENSG00000232006","AC005537.2"
"ENSG00000205642","VCX3B"
"ENSG00000235559","NOP56P1"
"ENSG00000207702","MIR211"
"ENSG00000254659","LINC02715"
"ENSG00000196990","FAM163B"
"ENSG00000188729","OSTN"
"ENSG00000211652","IGLV7-43"
"ENSG00000211951","IGHV2-26"
"ENSG00000166634","SERPINB12"
"ENSG00000232508","MRPL45P1"
"ENSG00000258831","AC103996.2"
"ENSG00000229236","TTTY10"
"ENSG00000274928","KRT89P"
"ENSG00000156395","SORCS3"
"ENSG00000234373","SNX18P7"
"ENSG00000248347","AC120036.1"
"ENSG00000272975","MYHAS"
"ENSG00000231476","AC074389.2"
"ENSG00000237330","RNF223"
"ENSG00000197953","AADACL2"
"ENSG00000205488","CALML3-AS1"
"ENSG00000108242","CYP2C18"
"ENSG00000211667","IGLV3-12"
"ENSG00000232539","LINC00945"
"ENSG00000250535","STK19B"
"ENSG00000234768","AL611929.1"
"ENSG00000240040","AC244205.1"
"ENSG00000231937","AC116666.1"
"ENSG00000275874","PICSAR"
"ENSG00000186081","KRT5"
"ENSG00000099617","EFNA2"
"ENSG00000162040","HS3ST6"
"ENSG00000258028","AL135878.1"
"ENSG00000225775","AL137220.1"
"ENSG00000197595","ATP11AUN"
"ENSG00000248763","AC111000.2"
"ENSG00000187054","TMPRSS11A"
"ENSG00000172782","FADS6"
"ENSG00000268606","MAGEA2"
"ENSG00000130540","SULT4A1"
"ENSG00000130957","FBP2"
"ENSG00000214263","RPSAP53"
"ENSG00000168671","UGT3A2"
"ENSG00000244414","CFHR1"
"ENSG00000094796","KRT31"
"ENSG00000178772","CPN2"
"ENSG00000228570","NUTM2E"
"ENSG00000166828","SCNN1G"
"ENSG00000232040","ZBED9"
"ENSG00000173157","ADAMTS20"
"ENSG00000172155","LCE1D"
"ENSG00000273132","AL355312.4"
"ENSG00000183434","TFDP3"
"ENSG00000254491","AC022832.1"
"ENSG00000243810","CFAP61-AS1"
"ENSG00000127324","TSPAN8"
"ENSG00000227925","LINC01655"
"ENSG00000228835","AC012123.1"
"ENSG00000224963","U82695.1"
"ENSG00000259098","AC025884.2"
"ENSG00000182077","PTCHD3"
"ENSG00000235493","LINC01967"
"ENSG00000133115","STOML3"
"ENSG00000260141","AC145350.2"
"ENSG00000125850","OVOL2"
"ENSG00000234233","KCNH1-IT1"
"ENSG00000010438","PRSS3"
"ENSG00000102678","FGF9"
"ENSG00000227183","HDGFP1"
"ENSG00000223392","CLDN10-AS1"
"ENSG00000229613","LINC01501"
"ENSG00000203864","C1orf137"
"ENSG00000249509","NEUROG2-AS1"
"ENSG00000206262","FOXL2NB"
"ENSG00000162366","PDZK1IP1"
"ENSG00000131737","KRT34"
"ENSG00000261020","AC132825.3"
"ENSG00000129151","BBOX1"
"ENSG00000248479","AC104137.1"
"ENSG00000006611","USH1C"
"ENSG00000248571","AC106882.1"
"ENSG00000230707","AL589987.1"
"ENSG00000235454","HAUS6P3"
"ENSG00000184937","WT1"
"ENSG00000223345","H2BP1"
"ENSG00000157851","DPYSL5"
"ENSG00000172179","PRL"
"ENSG00000166736","HTR3A"
"ENSG00000183729","NPBWR1"
"ENSG00000006788","MYH13"
"ENSG00000253131","IGHV7-56"
"ENSG00000087128","TMPRSS11E"
"ENSG00000253203","GUSBP3"
"ENSG00000229769","TRBV10-2"
"ENSG00000135374","ELF5"
"ENSG00000229151","AC233976.1"
"ENSG00000250919","UGT2B26P"
"ENSG00000260230","FRRS1L"
"ENSG00000232765","AL158819.1"
"ENSG00000237790","LINC01318"
"ENSG00000133640","LRRIQ1"
"ENSG00000259977","AL121578.2"
"ENSG00000204072","ARMCX7P"
"ENSG00000263618","AP005121.1"
"ENSG00000269793","ZIM2-AS1"
"ENSG00000163288","GABRB1"
"ENSG00000163092","XIRP2"
"ENSG00000258592","AL391152.1"
"ENSG00000234352","AC009264.1"
"ENSG00000160683","CXCR5"
"ENSG00000187398","LUZP2"
"ENSG00000231236","AP001605.1"
"ENSG00000242887","IGHJ3"
"ENSG00000139304","PTPRQ"
"ENSG00000281591","DBET"
"ENSG00000095917","TPSD1"
"ENSG00000267382","AC010928.1"
"ENSG00000174403","MIR1-1HG-AS1"
"ENSG00000259664","LINC02254"
"ENSG00000104760","FGL1"
"ENSG00000091482","SMPX"
"ENSG00000271390","AP003973.2"
"ENSG00000182111","ZNF716"
"ENSG00000123572","NRK"
"ENSG00000244564","PRICKLE2-DT"
"ENSG00000233732","IGHV3OR16-10"
"ENSG00000225760","LINC00431"
"ENSG00000174343","CHRNA9"
"ENSG00000140798","ABCC12"
"ENSG00000277945","AC107308.1"
"ENSG00000268964","ERVV-2"
"ENSG00000112175","BMP5"
"ENSG00000205293","LINC01602"
"ENSG00000253247","IGHV3-76"
"ENSG00000169271","HSPB3"
"ENSG00000211725","TRBV5-5"
"ENSG00000233718","MYCNOS"
"ENSG00000255028","AP003049.2"
"ENSG00000260075","NSFP1"
"ENSG00000261821","AC090826.1"
"ENSG00000186207","LCE5A"
"ENSG00000204603","LINC01257"
"ENSG00000148346","LCN2"
"ENSG00000237074","AL596218.1"
"ENSG00000226031","FGF13-AS1"
"ENSG00000211670","IGLV3-9"
"ENSG00000176136","MC5R"
"ENSG00000235378","MRPS10P1"
"ENSG00000254395","IGHV4-55"
"ENSG00000230834","AC068580.2"
"ENSG00000268861","AC008878.3"
"ENSG00000240671","IGKV1-8"
"ENSG00000187908","DMBT1"
"ENSG00000230387","AL118508.1"
"ENSG00000163737","PF4"
"ENSG00000162670","BRINP3"
"ENSG00000263635","AP005242.1"
"ENSG00000267868","AL356740.1"
"ENSG00000257869","AL139023.1"
"ENSG00000258700","LINC00871"
"ENSG00000211970","IGHV4-61"
"ENSG00000204296","TSBP1"
"ENSG00000030304","MUSK"
"ENSG00000235049","LINC00940"
"ENSG00000259222","AC027088.2"
"ENSG00000142973","CYP4B1"
"ENSG00000250590","LINC02492"
"ENSG00000267760","AC011478.1"
"ENSG00000230863","AL137803.1"
"ENSG00000163534","FCRL1"
"ENSG00000273769","U52112.1"
"ENSG00000226476","LINC01748"
"ENSG00000254098","IGKV2-26"
"ENSG00000182816","KRTAP13-2"
"ENSG00000169126","ARMC4"
"ENSG00000267284","AC022031.2"
"ENSG00000118434","SPACA1"
"ENSG00000266736","GTF2IP6"
"ENSG00000263413","MIR4538"
"ENSG00000224260","AL023754.1"
"ENSG00000239739","AC026316.2"
"ENSG00000164485","IL22RA2"
"ENSG00000143839","REN"
"ENSG00000253619","AC068413.1"
"ENSG00000259929","AC010601.1"
"ENSG00000141255","SPATA22"
"ENSG00000261645","DISC1FP1"
"ENSG00000249803","AC112178.1"
"ENSG00000264734","AC069061.2"
"ENSG00000265737","AP006565.1"
"ENSG00000267231","AC005786.2"
"ENSG00000211973","IGHV1-69"
"ENSG00000176349","AC104129.1"
"ENSG00000232743","ELF2P3"
"ENSG00000132972","RNF17"
"ENSG00000169900","PYDC1"
"ENSG00000144278","GALNT13"
"ENSG00000271952","LINC01954"
"ENSG00000155070","UNC93B2"
"ENSG00000124882","EREG"
"ENSG00000254031","AC022858.1"
"ENSG00000233080","LINC01399"
"ENSG00000268869","ESPNP"
"ENSG00000258910","LINC01956"
"ENSG00000170486","KRT72"
"ENSG00000204962","PCDHA8"
"ENSG00000277247","AC083809.1"
"ENSG00000281128","PTENP1-AS"
"ENSG00000204949","FAM83A-AS1"
"ENSG00000132164","SLC6A11"
"ENSG00000134612","FOLH1B"
"ENSG00000237787","C3orf79"
"ENSG00000206120","EGFEM1P"
"ENSG00000233070","ZFY-AS1"
"ENSG00000225107","AC092484.1"
"ENSG00000278840","AC009878.1"
"ENSG00000129152","MYOD1"
"ENSG00000084453","SLCO1A2"
"ENSG00000179008","C14orf39"
"ENSG00000186191","BPIFB4"
"ENSG00000187855","ASCL4"
"ENSG00000119913","TECTB"
"ENSG00000258240","AC002351.1"
"ENSG00000265929","MIR5195"
"ENSG00000225376","TMEM246-AS1"
"ENSG00000211964","IGHV3-48"
"ENSG00000156687","UNC5D"
"ENSG00000183242","WT1-AS"
"ENSG00000166007","TRIM51HP"
"ENSG00000130876","SLC7A10"
"ENSG00000253957","IGHV3-22"
"ENSG00000245832","MIR4300HG"
"ENSG00000156150","ALX3"
"ENSG00000171804","WDR87"
"ENSG00000253400","AL356133.1"
"ENSG00000261103","AC009063.3"
"ENSG00000237070","AC005550.2"
"ENSG00000251182","LINC02497"
"ENSG00000261305","AC005586.2"
"ENSG00000257495","KRT73-AS1"
"ENSG00000205359","SLCO6A1"
"ENSG00000166211","SPIC"
"ENSG00000154646","TMPRSS15"
"ENSG00000011677","GABRA3"
"ENSG00000221957","KIR2DS4"
"ENSG00000128322","IGLL1"
"ENSG00000211805","TRAV24"
"ENSG00000175229","GAL3ST3"
"ENSG00000237743","FBP2P1"
"ENSG00000253500","AF121898.1"
"ENSG00000235532","LINC00402"
"ENSG00000228573","AL138962.1"
"ENSG00000145692","BHMT"
"ENSG00000254350","AC091979.1"
"ENSG00000009709","PAX7"
"ENSG00000225328","LINC01594"
"ENSG00000266256","LINC00683"
"ENSG00000111404","RERGL"
"ENSG00000142619","PADI3"
"ENSG00000268307","LINC02560"
"ENSG00000214407","LINC02085"
"ENSG00000224853","LINC00393"
"ENSG00000237949","LINC00844"
"ENSG00000267374","MIR924HG"
"ENSG00000250596","AC096751.1"
"ENSG00000250378","AC114296.1"
"ENSG00000263551","AP000829.1"
"ENSG00000184811","TRARG1"
"ENSG00000184139","RPL7AP28"
"ENSG00000124143","ARHGAP40"
"ENSG00000269067","ZNF728"
"ENSG00000250954","AC016687.3"
"ENSG00000148123","PLPPR1"
"ENSG00000251165","F11-AS1"
"ENSG00000137142","IGFBPL1"
"ENSG00000227487","NCAM1-AS1"
"ENSG00000258807","AL359237.1"
"ENSG00000232560","LINC01549"
"ENSG00000120088","CRHR1"
"ENSG00000198028","ZNF560"
"ENSG00000104237","RP1"
"ENSG00000152092","ASTN1"
"ENSG00000257956","NOP56P3"
"ENSG00000237653","AC026320.2"
"ENSG00000140481","CCDC33"
"ENSG00000178568","ERBB4"
"ENSG00000230432","AC114803.1"
"ENSG00000279597","AL031593.1"
"ENSG00000273388","AC005291.2"
"ENSG00000226306","NPY6R"
"ENSG00000204670","IGKV1OR2-3"
"ENSG00000255733","IFNG-AS1"
"ENSG00000185352","HS6ST3"
"ENSG00000260947","AL356489.2"
"ENSG00000224294","PINCR"
"ENSG00000177519","RPRM"
"ENSG00000121388","AL139327.1"
"ENSG00000180332","KCTD4"
"ENSG00000135409","AMHR2"
"ENSG00000082556","OPRK1"
"ENSG00000229962","AP000221.1"
"ENSG00000236532","LINC01695"
"ENSG00000225872","LINC01529"
"ENSG00000249727","AC097494.1"
"ENSG00000253967","AC022730.4"
"ENSG00000079689","SCGN"
"ENSG00000251517","AC096734.1"
"ENSG00000235669","CHN2-AS1"
"ENSG00000242147","LINC02657"
"ENSG00000128713","HOXD11"
"ENSG00000234781","LINC01103"
"ENSG00000265612","MIR4539"
"ENSG00000072657","TRHDE"
"ENSG00000237914","SIRPG-AS1"
"ENSG00000272154","AC244517.2"
"ENSG00000211816","TRAV38-1"
"ENSG00000275418","AC104971.3"
"ENSG00000253877","LINC01608"
"ENSG00000139144","PIK3C2G"
"ENSG00000260458","KCNJ18"
"ENSG00000230096","AC022535.1"
"ENSG00000254326","IGHV7-27"
"ENSG00000186442","KRT3"
"ENSG00000229142","HCG4P8"
"ENSG00000226846","LINC00348"
"ENSG00000118526","TCF21"
"ENSG00000258654","AC026495.1"
"ENSG00000147724","FAM135B"
"ENSG00000253584","AC091987.1"
"ENSG00000129170","CSRP3"
"ENSG00000156564","LRFN2"
"ENSG00000264595","AC103808.2"
"ENSG00000256321","AC087235.2"
"ENSG00000232294","AL031674.1"
"ENSG00000251578","TRBV21-1"
"ENSG00000236985","AL121892.1"
"ENSG00000261704","IGHV1OR16-1"
"ENSG00000275011","AC129492.6"
"ENSG00000249506","ZEB2P1"
"ENSG00000200033","RNU6-403P"
"ENSG00000213244","H3P4"
"ENSG00000226101","LINC02097"
"ENSG00000168124","OR1F1"
"ENSG00000137675","MMP27"
"ENSG00000180053","NKX2-6"
"ENSG00000238271","IFNWP19"
"ENSG00000267327","AC009271.1"
"ENSG00000101204","CHRNA4"
"ENSG00000261274","TP53TG3GP"
"ENSG00000267389","AC006504.4"
"ENSG00000211749","TRBV23-1"
"ENSG00000229108","LINC02587"
"ENSG00000230453","ANKRD18B"
"ENSG00000171711","DEFB4A"
"ENSG00000233850","AC103563.7"
"ENSG00000211957","IGHV3-35"
"ENSG00000000005","TNMD"
"ENSG00000180383","DEFB124"
"ENSG00000256209","AC073578.1"
"ENSG00000233999","IGKV3OR2-268"
"ENSG00000211924","IGHD3-9"
"ENSG00000279479","AP005205.3"
"ENSG00000211674","IGLJ1"
"ENSG00000164796","CSMD3"
"ENSG00000169064","ZBBX"
"ENSG00000227712","AL359915.1"
"ENSG00000230563","AL121757.1"
"ENSG00000254204","AC022034.4"
"ENSG00000159763","PIP"
"ENSG00000146678","IGFBP1"
"ENSG00000153820","SPHKAP"
"ENSG00000212724","KRTAP2-3"
"ENSG00000237223","SULT1C2P1"
"ENSG00000174808","BTC"
"ENSG00000228826","AL592494.1"
"ENSG00000241859","ANOS2P"
"ENSG00000218725","B3GALNT2P1"
"ENSG00000228528","AC068057.2"
"ENSG00000267413","LINC01901"
"ENSG00000228476","CSTP1"
"ENSG00000279042","AP005242.4"
"ENSG00000231062","AC103563.2"
"ENSG00000203859","HSD3B2"
"ENSG00000180251","SLC9A4"
"ENSG00000130368","MAS1"
"ENSG00000164749","HNF4G"
"ENSG00000245662","LINC02211"
"ENSG00000154611","PSMA8"
"ENSG00000277128","AL589743.5"
"ENSG00000268621","IGFL2-AS1"
"ENSG00000278971","AC091305.1"
"ENSG00000235029","MNX1-AS2"
"ENSG00000233844","KCNQ5-IT1"
"ENSG00000281196","LINC00934"
"ENSG00000111262","KCNA1"
"ENSG00000276758","AC245884.12"
"ENSG00000156009","MAGEA8"
"ENSG00000250829","AC108865.1"
"ENSG00000260761","AC106754.1"
"ENSG00000270980","AC060764.1"
"ENSG00000258115","AC090109.1"
"ENSG00000280924","LINC00628"
"ENSG00000269964","MEI4"
"ENSG00000122859","NEUROG3"
"ENSG00000228325","IGKV3D-7"
"ENSG00000258314","AL589182.1"
"ENSG00000266200","PNLIPRP2"
"ENSG00000225255","PSLNR"
"ENSG00000280180","AC023824.6"
"ENSG00000225698","IGHV3-72"
"ENSG00000123977","DAW1"
"ENSG00000230328","AL359893.1"
"ENSG00000251584","AC096751.2"
"ENSG00000255020","AF131216.3"
"ENSG00000168418","KCNG4"
"ENSG00000226004","LINC02528"
"ENSG00000235749","AL390860.1"
"ENSG00000153002","CPB1"
"ENSG00000125571","IL37"
"ENSG00000259425","AC011767.1"
"ENSG00000253441","IGHV3-25"
"ENSG00000186009","ATP4B"
"ENSG00000254417","LINC02584"
"ENSG00000224417","AL606970.1"
"ENSG00000261121","LINC02473"
"ENSG00000260289","AC093515.1"
"ENSG00000143355","LHX9"
"ENSG00000186973","FAM183A"
"ENSG00000258770","LINC02330"
"ENSG00000213130","EEF1DP5"
"ENSG00000249001","AC093895.2"
"ENSG00000239572","AC108749.1"
"ENSG00000171772","SYCE1"
"ENSG00000165702","GFI1B"
"ENSG00000254445","HSPB2-C11orf52"
"ENSG00000101441","CST4"
"ENSG00000250385","AC106772.2"
"ENSG00000070193","FGF10"
"ENSG00000279965","AL390755.2"
"ENSG00000274895","AC011700.1"
"ENSG00000186466","AQP7P1"
"ENSG00000102290","PCDH11X"
"ENSG00000220948","TRIM51GP"
"ENSG00000163499","CRYBA2"
"ENSG00000250241","AC105383.1"
"ENSG00000241294","IGKV2-24"
"ENSG00000146151","HMGCLL1"
"ENSG00000253477","AC012213.1"
"ENSG00000253764","AC019257.1"
"ENSG00000227101","AC025822.1"
"ENSG00000237864","LINC00322"
"ENSG00000260878","AC104072.1"
"ENSG00000105143","SLC1A6"
"ENSG00000211961","IGHV1-45"
"ENSG00000264859","DSG2-AS1"
"ENSG00000236197","AC002429.2"
"ENSG00000241168","AC128685.1"
"ENSG00000110195","FOLR1"
"ENSG00000187268","FAM9C"
"ENSG00000179083","FAM133A"
"ENSG00000255569","TRAV1-1"
"ENSG00000265702","AC005821.1"
"ENSG00000227531","AL162414.1"
"ENSG00000189051","RNF222"
"ENSG00000231401","AC023481.1"
"ENSG00000256560","LINC01486"
"ENSG00000232451","AC018467.1"
"ENSG00000232760","AC103564.2"
"ENSG00000134193","REG4"
"ENSG00000261834","IGHV3OR16-15"
"ENSG00000163497","FEV"
"ENSG00000236663","FRGCA"
"ENSG00000171759","PAH"
"ENSG00000259724","LINC01581"
"ENSG00000248663","LINC00992"
"ENSG00000254932","AP001007.1"
"ENSG00000226917","LINC01276"
"ENSG00000147588","PMP2"
"ENSG00000273367","AL355472.3"
"ENSG00000184564","SLITRK6"
"ENSG00000211814","TRAV35"
"ENSG00000152785","BMP3"
"ENSG00000270467","IGHV3OR16-12"
"ENSG00000275896","PRSS2"
"ENSG00000253460","IGKV2OR22-3"
"ENSG00000253661","ZFHX4-AS1"
"ENSG00000236268","LINC01361"
"ENSG00000139330","KERA"
"ENSG00000258902","AL049775.2"
"ENSG00000278998","AC099552.4"
"ENSG00000259459","LINC02568"
"ENSG00000163586","FABP1"
"ENSG00000112494","UNC93A"
"ENSG00000125207","PIWIL1"
"ENSG00000227999","MTND5P1"
"ENSG00000231431","FAR2P4"
"ENSG00000231532","LINC01249"
"ENSG00000176566","DCAF4L2"
"ENSG00000166796","LDHC"
"ENSG00000279924","AL356585.4"
"ENSG00000165799","RNASE7"
"ENSG00000260454","AL355607.2"
"ENSG00000239819","IGKV1D-8"
"ENSG00000145808","ADAMTS19"
"ENSG00000250529","LINC02121"
"ENSG00000269586","CT45A10"
"ENSG00000269729","AC006262.2"
"ENSG00000162891","IL20"
"ENSG00000126266","FFAR1"
"ENSG00000264781","MIR4537"
"ENSG00000249574","AC226118.1"
"ENSG00000140835","CHST4"
"ENSG00000225849","MKRN7P"
"ENSG00000256982","AC135782.1"
"ENSG00000259518","LINC01583"
"ENSG00000091583","APOH"
"ENSG00000211720","TRBV11-1"
"ENSG00000140274","DUOXA2"
"ENSG00000273259","AL049839.2"
"ENSG00000230910","AL391807.1"
"ENSG00000176571","CNBD1"
"ENSG00000268388","FENDRR"
"ENSG00000228549","BX284668.2"
"ENSG00000267922","AC007785.1"
"ENSG00000278530","CHMP1B2P"
"ENSG00000276850","AC245041.2"
"ENSG00000223609","HBD"
"ENSG00000232401","LINC00112"
"ENSG00000136546","SCN7A"
"ENSG00000275158","TRBV12-5"
"ENSG00000171405","XAGE5"
"ENSG00000254645","AC087379.1"
"ENSG00000196109","ZNF676"
"ENSG00000228271","LINC02048"
"ENSG00000233221","AC133785.1"
"ENSG00000205361","MT1DP"
"ENSG00000248174","LINC02268"
"ENSG00000224060","ARSLP1"
"ENSG00000276819","TRBV15"
"ENSG00000212237","RNA5SP18"
"ENSG00000183305","MAGEA2B"
"ENSG00000101292","PROKR2"
"ENSG00000271892","AC026790.2"
"ENSG00000277737","FP325317.1"
"ENSG00000279711","AP004782.1"
"ENSG00000251518","LINC02110"
"ENSG00000279375","AC244517.7"
"ENSG00000229246","LINC00377"
"ENSG00000151962","RBM46"
"ENSG00000177108","ZDHHC22"
"ENSG00000279068","AC244517.6"
"ENSG00000165061","ZMAT4"
"ENSG00000277893","SRD5A2"
"ENSG00000233073","GRM3-AS1"
"ENSG00000229970","AC007128.1"
"ENSG00000236345","SCAT8"
"ENSG00000222033","LINC01124"
"ENSG00000204020","LIPN"
"ENSG00000266743","AC103808.6"
"ENSG00000272298","AC091544.6"
"ENSG00000257904","AL133372.3"
"ENSG00000107165","TYRP1"
"ENSG00000256481","AP006333.3"
"ENSG00000281809","LINC01394"
"ENSG00000184845","DRD1"
"ENSG00000273492","AP000229.1"
"ENSG00000273301","AC016717.2"
"ENSG00000204961","PCDHA9"
"ENSG00000039537","C6"
"ENSG00000246084","LINC02325"
"ENSG00000233143","DIRC3-AS1"
"ENSG00000250033","SLC7A11-AS1"
"ENSG00000165794","SLC39A2"
"ENSG00000253291","TRBV7-7"
"ENSG00000231100","AL606752.1"
"ENSG00000184995","IFNE"
"ENSG00000228709","LINC02575"
"ENSG00000260019","LINC01992"
"ENSG00000211656","IGLV2-33"
"ENSG00000167769","ACER1"
"ENSG00000235726","AC010148.1"
"ENSG00000225417","AL049648.1"
"ENSG00000270937","AL033381.2"
"ENSG00000224239","AC090044.1"
"ENSG00000225868","AC016582.1"
"ENSG00000226580","RPL39P40"
"ENSG00000236816","ANKRD20A7P"
"ENSG00000253344","AC137579.1"
"ENSG00000263745","AP005230.1"
"ENSG00000224227","OR2L1P"
"ENSG00000196415","PRTN3"
"ENSG00000260975","AC007333.2"
"ENSG00000224776","RPSAP50"
"ENSG00000189377","CXCL17"
"ENSG00000235902","AC108472.1"
"ENSG00000146530","VWDE"
"ENSG00000254321","AC016813.2"
"ENSG00000249237","AL359273.2"
"ENSG00000259666","LINGO1-AS1"
"ENSG00000270207","AC077690.1"
"ENSG00000211661","IGLV3-22"
